# ************************************************************
# Sequel Pro SQL dump
# Version 4541
#
# http://www.sequelpro.com/
# https://github.com/sequelpro/sequelpro
#
# Host: localhost (MySQL 5.5.42)
# Database: web_db
# Generation Time: 2016-11-30 09:05:18 +0000
# ************************************************************


/*!40101 SET @OLD_CHARACTER_SET_CLIENT=@@CHARACTER_SET_CLIENT */;
/*!40101 SET @OLD_CHARACTER_SET_RESULTS=@@CHARACTER_SET_RESULTS */;
/*!40101 SET @OLD_COLLATION_CONNECTION=@@COLLATION_CONNECTION */;
/*!40101 SET NAMES utf8 */;
/*!40014 SET @OLD_FOREIGN_KEY_CHECKS=@@FOREIGN_KEY_CHECKS, FOREIGN_KEY_CHECKS=0 */;
/*!40101 SET @OLD_SQL_MODE=@@SQL_MODE, SQL_MODE='NO_AUTO_VALUE_ON_ZERO' */;
/*!40111 SET @OLD_SQL_NOTES=@@SQL_NOTES, SQL_NOTES=0 */;


# Dump of table departments
# ------------------------------------------------------------

DROP TABLE IF EXISTS `departments`;

CREATE TABLE `departments` (
  `id` int(10) unsigned NOT NULL AUTO_INCREMENT,
  `faculties_id` int(11) NOT NULL,
  `name` varchar(255) COLLATE utf8_unicode_ci NOT NULL,
  `slug` varchar(255) COLLATE utf8_unicode_ci NOT NULL,
  `position` int(11) NOT NULL,
  `visible` int(11) NOT NULL,
  `weight` int(11) NOT NULL,
  `description` text COLLATE utf8_unicode_ci NOT NULL,
  `image_id` int(11) NOT NULL,
  `icon` varchar(255) COLLATE utf8_unicode_ci NOT NULL,
  `created_at` timestamp NULL DEFAULT NULL,
  `updated_at` timestamp NULL DEFAULT NULL,
  PRIMARY KEY (`id`)
) ENGINE=InnoDB DEFAULT CHARSET=utf8 COLLATE=utf8_unicode_ci;

LOCK TABLES `departments` WRITE;
/*!40000 ALTER TABLE `departments` DISABLE KEYS */;

INSERT INTO `departments` (`id`, `faculties_id`, `name`, `slug`, `position`, `visible`, `weight`, `description`, `image_id`, `icon`, `created_at`, `updated_at`)
VALUES
	(1,1,'English\r','english',0,1,1,'',0,'','0000-00-00 00:00:00','0000-00-00 00:00:00'),
	(2,1,'History & Inter. Studies','history & inter. studies',0,1,1,'',0,'','0000-00-00 00:00:00','0000-00-00 00:00:00'),
	(3,1,'Language and Linguistics\r','',0,1,1,'',0,'','0000-00-00 00:00:00','0000-00-00 00:00:00'),
	(4,1,'Religious Studies\r','',0,1,1,'',0,'','0000-00-00 00:00:00','0000-00-00 00:00:00'),
	(5,1,'Theatre and Film Arts','',0,1,1,'',0,'','0000-00-00 00:00:00','0000-00-00 00:00:00'),
	(6,2,'Arts Education','',0,1,1,'',0,'','0000-00-00 00:00:00','0000-00-00 00:00:00'),
	(7,2,'Science and Technology Education','',0,1,1,'',0,'','0000-00-00 00:00:00','0000-00-00 00:00:00'),
	(8,2,'Special Education and Rehabilitation Sciences\r','',0,1,1,'',0,'','0000-00-00 00:00:00','0000-00-00 00:00:00'),
	(9,3,'Architecture\r','',0,1,1,'',0,'','0000-00-00 00:00:00','0000-00-00 00:00:00'),
	(10,3,'Building\r','',0,1,1,'',0,'','0000-00-00 00:00:00','0000-00-00 00:00:00'),
	(11,3,'Geography and Planning\r','',0,1,1,'',0,'','0000-00-00 00:00:00','0000-00-00 00:00:00'),
	(12,4,'Commercial Law','',0,1,1,'',0,'','0000-00-00 00:00:00','0000-00-00 00:00:00'),
	(13,5,'Medicine','',0,1,1,'',0,'','0000-00-00 00:00:00','0000-00-00 00:00:00'),
	(14,6,'Plant Science and Technology','',0,1,1,'',0,'','0000-00-00 00:00:00','0000-00-00 00:00:00'),
	(15,6,'Chemistry\r','',0,1,1,'',0,'','0000-00-00 00:00:00','0000-00-00 00:00:00'),
	(16,6,'Geology ','',0,1,1,'',0,'','0000-00-00 00:00:00','0000-00-00 00:00:00'),
	(17,6,'Mathematics\r','',0,1,1,'',0,'','0000-00-00 00:00:00','0000-00-00 00:00:00'),
	(18,6,'Microbiology\r','',0,1,1,'',0,'','0000-00-00 00:00:00','0000-00-00 00:00:00'),
	(19,6,'Physics\r','',0,1,1,'',0,'','0000-00-00 00:00:00','0000-00-00 00:00:00'),
	(20,6,'Zoology\r','',0,1,1,'',0,'','0000-00-00 00:00:00','0000-00-00 00:00:00'),
	(23,8,'Economics\r','',0,1,1,'',0,'','0000-00-00 00:00:00','0000-00-00 00:00:00'),
	(24,8,'Psychology','',0,1,1,'',0,'','0000-00-00 00:00:00','0000-00-00 00:00:00'),
	(26,8,'Political Science\r','',0,1,1,'',0,'','0000-00-00 00:00:00','0000-00-00 00:00:00'),
	(27,8,'Sociology\r','',0,1,1,'',0,'','0000-00-00 00:00:00','0000-00-00 00:00:00'),
	(28,5,'Biochemistry','',0,1,1,'',0,'','0000-00-00 00:00:00','0000-00-00 00:00:00'),
	(29,5,'Nursing','',0,1,1,'',0,'','0000-00-00 00:00:00','0000-00-00 00:00:00'),
	(30,9,'GS','',0,1,1,'',0,'','0000-00-00 00:00:00','0000-00-00 00:00:00'),
	(31,5,'Anatomy','',0,1,1,'',0,'','0000-00-00 00:00:00','0000-00-00 00:00:00'),
	(32,5,'Medical Laboratory Science','',0,1,1,'',0,'','0000-00-00 00:00:00','0000-00-00 00:00:00'),
	(33,1,'Mass Communication','',0,1,1,'',0,'','0000-00-00 00:00:00','0000-00-00 00:00:00'),
	(35,2,'Social Science Education','',0,1,1,'',0,'','0000-00-00 00:00:00','0000-00-00 00:00:00'),
	(36,2,'Educational Foundation','',0,1,1,'',0,'','0000-00-00 00:00:00','0000-00-00 00:00:00'),
	(37,3,'Estate Management','',0,1,1,'',0,'','0000-00-00 00:00:00','0000-00-00 00:00:00'),
	(38,3,'Quantity Surveying','',0,1,1,'',0,'','0000-00-00 00:00:00','0000-00-00 00:00:00'),
	(39,3,'Urban and Regional Planning','',0,1,1,'',0,'','0000-00-00 00:00:00','0000-00-00 00:00:00'),
	(40,4,'International Law and Jurisprudence','',0,1,1,'',0,'','0000-00-00 00:00:00','0000-00-00 00:00:00'),
	(41,4,'Private Law','',0,1,1,'',0,'','0000-00-00 00:00:00','0000-00-00 00:00:00'),
	(42,4,'Public Law','',0,1,1,'',0,'','0000-00-00 00:00:00','0000-00-00 00:00:00'),
	(43,5,'Anaesthesia','',0,1,1,'',0,'','0000-00-00 00:00:00','0000-00-00 00:00:00'),
	(44,5,'Chemical Pathology','',0,1,1,'',0,'','0000-00-00 00:00:00','0000-00-00 00:00:00'),
	(45,5,'Community Health','',0,1,1,'',0,'','0000-00-00 00:00:00','0000-00-00 00:00:00'),
	(46,5,'Medical Instructional and Technology Unit','',0,1,1,'',0,'','0000-00-00 00:00:00','0000-00-00 00:00:00'),
	(47,5,'Medical Microbiology','',0,1,1,'',0,'','0000-00-00 00:00:00','0000-00-00 00:00:00'),
	(48,5,'Radiology','',0,1,1,'',0,'','0000-00-00 00:00:00','0000-00-00 00:00:00'),
	(49,5,'Obstetrics and Gynaecology','',0,1,1,'',0,'','0000-00-00 00:00:00','0000-00-00 00:00:00'),
	(50,5,'Ophthalmology','',0,1,1,'',0,'','0000-00-00 00:00:00','0000-00-00 00:00:00'),
	(51,5,'Paediatrics','',0,1,1,'',0,'','0000-00-00 00:00:00','0000-00-00 00:00:00'),
	(52,5,'Haematology and Blood Transfusion','',0,1,1,'',0,'','0000-00-00 00:00:00','0000-00-00 00:00:00'),
	(53,5,'Physiology','',0,1,1,'',0,'','0000-00-00 00:00:00','0000-00-00 00:00:00'),
	(54,5,'Psychiatry','',0,1,1,'',0,'','0000-00-00 00:00:00','0000-00-00 00:00:00'),
	(55,6,'Remedial Sciences','',0,1,1,'',0,'','0000-00-00 00:00:00','0000-00-00 00:00:00'),
	(56,6,'Science Laboratory Technology','',0,1,1,'',0,'','0000-00-00 00:00:00','0000-00-00 00:00:00'),
	(57,7,'Clinical Pharmacy and Pharmacy Practice','',0,1,1,'',0,'','0000-00-00 00:00:00','0000-00-00 00:00:00'),
	(58,7,'Pharmaceutical Chemistry','',0,1,1,'',0,'','0000-00-00 00:00:00','0000-00-00 00:00:00'),
	(59,7,'Pharmaceutical Technology and Industrial Pharmacy','',0,1,1,'',0,'','0000-00-00 00:00:00','0000-00-00 00:00:00'),
	(60,7,'Pharmacognosy and Traditional Meidicine','',0,1,1,'',0,'','0000-00-00 00:00:00','0000-00-00 00:00:00'),
	(61,11,'Accounting','',0,1,1,'',0,'','0000-00-00 00:00:00','0000-00-00 00:00:00'),
	(62,11,'Business Management','',0,1,1,'',0,'','0000-00-00 00:00:00','0000-00-00 00:00:00'),
	(63,12,'Network and Internet Services','',0,1,1,'',0,'','0000-00-00 00:00:00','0000-00-00 00:00:00'),
	(64,12,'Corporate Information System','',0,1,1,'',0,'','0000-00-00 00:00:00','0000-00-00 00:00:00'),
	(65,12,'Training and Development','',0,1,1,'',0,'','0000-00-00 00:00:00','0000-00-00 00:00:00'),
	(66,12,'Maintenance and Support Services','',0,1,1,'',0,'','0000-00-00 00:00:00','0000-00-00 00:00:00'),
	(67,6,'Computer Sciences','',0,1,1,'',0,'','0000-00-00 00:00:00','0000-00-00 00:00:00'),
	(68,5,'Family Medicine','',0,1,1,'',0,'','0000-00-00 00:00:00','0000-00-00 00:00:00'),
	(69,5,'Ear Nose and throat (ENT)','',0,1,1,'',0,'','0000-00-00 00:00:00','0000-00-00 00:00:00'),
	(70,5,'Surgery','',0,1,1,'',0,'','0000-00-00 00:00:00','0000-00-00 00:00:00'),
	(71,5,'Otraumatology and Traumatology','',0,1,1,'',0,'','0000-00-00 00:00:00','0000-00-00 00:00:00'),
	(72,5,'Pathomorphology','',0,1,1,'',0,'','0000-00-00 00:00:00','0000-00-00 00:00:00'),
	(73,16,'Exams and Records','',0,1,1,'',0,'','0000-00-00 00:00:00','0000-00-00 00:00:00'),
	(74,16,'Senate and Admissions','',0,1,1,'',0,'','0000-00-00 00:00:00','0000-00-00 00:00:00'),
	(75,16,'Non-NUC Programmes','',0,1,1,'',0,'','0000-00-00 00:00:00','0000-00-00 00:00:00'),
	(76,17,'Student Union Government','',0,1,1,'',0,'','0000-00-00 00:00:00','0000-00-00 00:00:00'),
	(77,11,'Management Science','',0,1,1,'',0,'','0000-00-00 00:00:00','0000-00-00 00:00:00'),
	(78,7,'Pharmaceutical Microbiology','',0,1,1,'',0,'','0000-00-00 00:00:00','0000-00-00 00:00:00'),
	(79,7,'Biotechnology Pharmaceutics','',0,1,1,'',0,'','0000-00-00 00:00:00','0000-00-00 00:00:00'),
	(80,7,'Pharmacology','',0,1,1,'',0,'','0000-00-00 00:00:00','0000-00-00 00:00:00'),
	(81,10,'Administration','',0,1,1,'',0,'','0000-00-00 00:00:00','0000-00-00 00:00:00'),
	(82,10,'Subject Libraries','',0,1,1,'',0,'','0000-00-00 00:00:00','0000-00-00 00:00:00'),
	(83,10,'Support services','',0,1,1,'',0,'','0000-00-00 00:00:00','0000-00-00 00:00:00'),
	(84,10,'Systems Unit','',0,1,1,'',0,'','0000-00-00 00:00:00','0000-00-00 00:00:00'),
	(85,29,'African Centre of Excellence on Phytomedicine','',0,1,1,'',0,'','0000-00-00 00:00:00','0000-00-00 00:00:00'),
	(86,13,'Building Maintenance','',0,1,1,'',0,'','0000-00-00 00:00:00','0000-00-00 00:00:00'),
	(87,13,'Engineering Services','',0,1,1,'',0,'','0000-00-00 00:00:00','0000-00-00 00:00:00'),
	(88,13,'Land and property Administration','',0,1,1,'',0,'','0000-00-00 00:00:00','0000-00-00 00:00:00'),
	(89,13,'Planning and Design','',0,1,1,'',0,'','0000-00-00 00:00:00','0000-00-00 00:00:00'),
	(90,13,'Project','',0,1,1,'',0,'','0000-00-00 00:00:00','0000-00-00 00:00:00'),
	(91,11,'Insurance','',0,1,1,'',0,'','0000-00-00 00:00:00','0000-00-00 00:00:00'),
	(92,11,'Actuarial Science','',0,1,1,'',0,'','0000-00-00 00:00:00','0000-00-00 00:00:00'),
	(93,32,'Civil Engineering','',0,1,1,'',0,'','0000-00-00 00:00:00','0000-00-00 00:00:00'),
	(94,32,'Electrical / Electronics Engineering','',0,1,1,'',0,'','0000-00-00 00:00:00','0000-00-00 00:00:00'),
	(95,32,'Mechanical Engineering','',0,1,1,'',0,'','0000-00-00 00:00:00','0000-00-00 00:00:00'),
	(96,32,'Mining Engineering','',0,1,1,'',0,'','0000-00-00 00:00:00','0000-00-00 00:00:00'),
	(97,30,'Agriculture','',0,1,1,'',0,'','0000-00-00 00:00:00','0000-00-00 00:00:00'),
	(98,31,'Theriogeniology and Production','',0,1,1,'',0,'','0000-00-00 00:00:00','0000-00-00 00:00:00'),
	(99,3,'Fine and Applied Arts','',0,1,1,'',0,'','0000-00-00 00:00:00','0000-00-00 00:00:00'),
	(100,4,'Criminology & Security Studies','',0,1,1,'',0,'','0000-00-00 00:00:00','0000-00-00 00:00:00'),
	(101,1,'Music','',0,1,1,'',0,'','0000-00-00 00:00:00','0000-00-00 00:00:00');

/*!40000 ALTER TABLE `departments` ENABLE KEYS */;
UNLOCK TABLES;


# Dump of table faculties
# ------------------------------------------------------------

DROP TABLE IF EXISTS `faculties`;

CREATE TABLE `faculties` (
  `id` int(10) unsigned NOT NULL AUTO_INCREMENT,
  `category_id` int(10) unsigned NOT NULL,
  `category_name` varchar(255) COLLATE utf8_unicode_ci NOT NULL,
  `child_type` varchar(20) COLLATE utf8_unicode_ci NOT NULL,
  `name` varchar(255) COLLATE utf8_unicode_ci NOT NULL,
  `slug` varchar(255) COLLATE utf8_unicode_ci NOT NULL,
  `code` varchar(255) COLLATE utf8_unicode_ci NOT NULL,
  `image` varchar(255) COLLATE utf8_unicode_ci NOT NULL,
  `description` text COLLATE utf8_unicode_ci NOT NULL,
  `image_id` int(11) NOT NULL,
  `position` int(11) NOT NULL,
  `visible` int(11) NOT NULL,
  `weight` int(11) NOT NULL,
  `icon` varchar(255) COLLATE utf8_unicode_ci NOT NULL,
  `created_at` timestamp NULL DEFAULT NULL,
  `updated_at` timestamp NULL DEFAULT NULL,
  PRIMARY KEY (`id`)
) ENGINE=InnoDB DEFAULT CHARSET=utf8 COLLATE=utf8_unicode_ci;

LOCK TABLES `faculties` WRITE;
/*!40000 ALTER TABLE `faculties` DISABLE KEYS */;

INSERT INTO `faculties` (`id`, `category_id`, `category_name`, `child_type`, `name`, `slug`, `code`, `image`, `description`, `image_id`, `position`, `visible`, `weight`, `icon`, `created_at`, `updated_at`)
VALUES
	(1,3,'faculties','Departments','Arts','arts','AR','','To nurture a faculty of the highest standards that nurtures and shapes moral values and human virtues in the citizenry.<br>\r\n* training citizens to apply their acquired knowledge to solving societal problems\r\n\r\n<br>\r\n* training students in methods of scholarship, scientific research and other creative endeavours;\r\n<br>\r\n* training citizens to make them patriotic with high moral values, good human virtues and resulting in a responsible citizenry.',0,0,1,1,'',NULL,NULL),
	(2,3,'faculties','Departments','Education','education','ED','','The Faculty of Education normally offers a four-year full-time programme leading to the Bachelor of Arts, Science and Special Education degrees. The objectives for these degree programmes are derived from the National Policy on Education namely:<br>\r\n* to produce highly motivated, conscientious research-oriented and efficient classroom teachers,:<br>\r\n* to encourage the spirit of inquiry and creativity in teachers,:<br>\r\n* to help teachers fit into the social life of the community and society at large and to enhance their commitment to national objectives,.....\r\n',0,0,1,1,'',NULL,NULL),
	(3,3,'faculties','Departments','Environmental Sciences','environmental sciences','EV','','At present, the faculty maintains effective joint research linkages with Durham University, (U.K) and Mc-Master University (Canada). In reality, achievements as regards research undertakings and research results have been tremendous. The faculty does not enjoy direct financial remuneration accruing from such research linkages but staff have benefitted through opportunities to further their education through them.',0,0,1,1,'',NULL,NULL),
	(4,3,'faculties','Departments','Law','law','LW','','The programme herein approved is designed to ensure that the graduate of Law will have a clear understanding of the place and importance of Law in society. <br>Because all human activities  social, economic, political, etc. - take place within legal framework, it is necessary that the student of Law should have a broad general knowledge and exposure to other disciplines in the process of acquiring legal education.......',0,0,1,1,'',NULL,NULL),
	(5,3,'faculties','Departments','Medical Sciences','medical sciences','MD','','The primary aim of the college of Medical sciences of the university of Jos is to participate in meeting the national objectives on Medical Education and health care delivery. \r\n<br>The college in this regard will aim to evolve an educational system based on the production of health care team. This concept emphasizes the key role of the doctor, working in close collaboration with other health personnel in health care delivery.rship and research...........',0,0,1,1,'',NULL,NULL),
	(6,3,'faculties','Departments','Natural Sciences','natural sciences','NS','','Vision of the Faculty is to nurture a faculty of the highest standard so that it is rated as the best in Nigeria and among the three best in West Africa<br>\r\n to provide practically oriented training so that graduates can apply their knowledge to solve societal problems including those caused by natural hazards.\r\n<br> to carry out relevant and meaningful research in pure and applied natural sciences.\r\n<br> to assist the community with professional advice and solution to specific problems.',0,0,1,1,'',NULL,NULL),
	(7,3,'faculties','Departments','Pharmaceutical Sciences','pharmaceutical sciences','PH','','',0,0,1,1,'',NULL,NULL),
	(8,3,'faculties','Departments','Social Sciences','','SS','','The faculty of Social Science of the University of Jos In its current pursuit of the objectives of teaching, research and community service, the faculty has had to contend with the growing reduction in resources and material allocation . Having to depend solely on its overhead costs coming from the University, great limitations have been placed on her path to meaningful achievement of the above objectives and goals.',0,0,1,1,'',NULL,NULL),
	(9,2,'directorates','Units','General Studies','','GS','','The General Studies  prepares students to think critically and analytically across a wide range of disciplines or fields of study.As a broader,multidisciplinary course of study rather than a traditional major/minor, Students take the majority of their courses in a Focus which requires programme credit  units. The remaining courses are taken in, with Gst Credit units required in each Concentration. The Focus  and the Concentration themes are discussed in more depth on the Gst page.',0,0,1,1,'',NULL,NULL),
	(10,5,'library','Units','Library','','LI','','',0,0,1,1,'',NULL,NULL),
	(11,3,'faculties','Departments','Management Sciences','','MS','','The Faculty of Management Sciences delivers a portfolio of teaching, research, and service activities in broadly defined areas for the University.\nThe faculty providing academic program support in the technical fields of business statistics and operations research. The Operations Management  faculty teach and conduct research in the areas of manufacturing and service operations. Academic majors are offered at the undergraduate, MBA, and PhD levels in Operations Management.\n',0,0,1,1,'',NULL,NULL),
	(12,2,'directorates','Units','Information and Communication Technology','','ICT','','ICT will be one of the key enablers for the step\r\nchange business transformation of all functions\r\nof the University.<br>\r\nICT will provide contemporary services to\r\nsupport, enable and facilitate University of jos in the\r\nachievement of its strategic objectives,\r\nencompassing learning & teaching, research\r\nand community engagement.',0,0,1,1,'',NULL,NULL),
	(13,2,'directorates','Units','Physical Facilities','','PF','','The Directorate has a core mandate of conceptualising and actualising the physical planning and development of the University. It also has the responsibility of maintenance and rehabilitation of academic buildings, students hostels, residential quarters as well as basic infrastructure such as water, electricity and road network. Others include procurement and maintenance of Vehicles, Plants and Machiner',0,0,1,1,'',NULL,NULL),
	(14,2,'directorates','Units','Health Service','','HS','','Health Services offers University of Jos students the same services as a family doctor\'s office, and more. We provide confidential, student-centered health care, including comprehensive medical care, travel medicine and education, immunization, and referrals for specialized treatment.<br><br>\n \nThe multidisciplinary health team includes family physicians, registered nurses, a dietician, and support staff. We\'re here to help support you in achieving your personal and academic goals.',0,0,1,1,'',NULL,NULL),
	(15,7,'services','','Counsultancy Services','','CS','','',0,0,1,1,'',NULL,NULL),
	(16,2,'directorates','Units','Academic Office','','AP','','The Academic Office delivers academic services to students at all levels of study from the point of enrolment to graduation. It contributes to securing the quality and standards of academic courses of study and the appropriate deployment of space on campus to support the student experience.<br><br>\n\n\n\nThe <b> Exams and Records </b> Offices main role is to act as the definitive record keeper about students and courses on behalf of the University. In doing this it provides important services to the student and academic communities.<br>\n\nIt guides and supports the work of academic and administrative staff in a number of areas including: rules & regulations, quality assurance and student assessment.',0,0,1,1,'',NULL,NULL),
	(17,2,'directorates','Units','Students\' Affairs','','SA','','The Directorate of Student Affairs is concerned mainly with students <br>welfare. It serves as a counseling body, where students receive assistance and advice on matters affecting them including housing, orientation, financial aid, [if possible] career, health and personal problems.',0,0,1,1,'',NULL,NULL),
	(18,8,'research','','Office of Research and Development','','ORD','','',0,0,1,1,'',NULL,NULL),
	(19,4,'Institutes','','Institute of Education','','IOE','','',0,0,1,1,'',NULL,NULL),
	(20,1,'centers','','Centre for Biotechnology and Genetic Engineering','','CBGE','','Before the advent of biotechnology,\nobtaining adequate quantities\nof such molecules was an\narduous exercise in protein isolation\nand purification. With the\ninvention of genetic engineering,\nscientists could harness bacteria\nto crank out quantities of proteins\nthat made them feasible as drugs.',0,0,1,1,'',NULL,NULL),
	(21,1,'centers','','Centre for Gender and Women Studies','','CGWS','','The Centre for Gender and Womens Studies is an internationally renowned research and teaching centre.<br> The centre is distinctly interdisciplinary in its focus and also aims to foster links between academic research, and political movements for gender equality and social justice.<br>\r\n\r\nWe welcome anybody with an interest in gender, sexuality and feminist research to participate in the informal and formal events organised through and affiliated with the centre.',0,0,1,1,'',NULL,NULL),
	(22,2,'directorates','Units','Advancement Office','','AO','','The University of Jos Advancement Office is a bold attempt at recreating and empowering the institution to identify and seek funding from different donors, thus making the Federal Government a major, rather than a sole funding agent. The Advancement Office will raise funds that will cover capital projects, reinvigorate research, endow chairs in areas of excellence and provide scholarships to different categories of students in the University. This will put the University on a right footing to compete and excel internationally. Alumni, parents and friends can give to the University of Jos in a variety of ways. Options include cash, cheques, bank drafts and other assets.',0,0,1,1,'',NULL,NULL),
	(23,1,'centers','','Center for Normadic Education','','CNE','','To carry out researches, experiments and evaluation<br>  that will guide, promote,facilitate and strengthen their education of nomads namely: migrant <br> pastoralists <br> and farmers who are educationally disadvantaged groups in Nigeria that will:',0,0,1,1,'',NULL,NULL),
	(24,2,'directorates','Units','SIWES','','SIWES','','<b>Students Industrial Work Experience Scheme (SIWES)</b><br>\r\nThis Scheme was designed to expose students to industrial work situation they are likely to meet after graduation. Therefore, the Scheme affords students the opportunity of familiarizing with and being exposed to the needed practical skills and experiences in handling machinery and equipment that are not readily available in institutions.',0,0,1,1,'',NULL,NULL),
	(25,1,'centers','','Centre for Conflict Management and Peace Studies','','CCMPS','','Conflict and peace studies explore social conflict and violent behaviors. While peace studies focus on addressing these issues using nonviolent methods, war studies address the use of violent means to achieve an outcome. Conflict and peace studies graduate programs may also be known as: international conflict security, conflict management and negotiations, social change, human rights, terrorism, global security, conflict analysis, conflict resolution, mediation, social justice and human rights.\r\n<br>\r\nBasic concept in peace studies and conflict resolution, peace as vehicle of unity and development, conflict issues, types of conflict, e.g. ethnic/ religious/ political/ economic conflicts, root causes of conflicts and violence in Africa, indigene/ settler phenomenon, peace- building, management of conflict and security. Other vital topics that students are supposed to know include elements of peace studies and conflict resolution, developing a culture of peace, peace mediation and peace-keeping, alternative dispute resolution (ADR).  Dialogue/arbitration in conflict resolution, role of international organisations in conflict resolution, e.g. ECOWAS, African Union, United Nations etc are also to be understood.',0,0,1,1,'',NULL,NULL),
	(26,1,'centers','','Centre for Entrepreneurship Studies','','CES','','The Entrepreneurial Studies  enables students to develop a comprehensive understanding of entrepreneurship and the steps and background required to start a business, such as writing a business plan, funding the business, financial and managerial accounting, sales and marketing, strategic planning, business law, ethics, business management, leadership, business communications and networking<br>\r\neach student can identify opportunities for business in the courses they are offering or their environment, which they can finance or ask others to finance and thus contribute to national development',0,0,1,1,'',NULL,NULL),
	(27,1,'centers','','A. P. Leventis Ornithological Research Institute','','APLORI','','APLORIs main purpose is capacity building for conservation in West<br>  Africa. We do this primarily by running a Masters in Conservation Biology.<br> Although we grant degrees through the University of Jos we are an autonomous research institute answering directly to the Vice-Chancellor of the University.<br>  Our degree is European standard with teaching from invited international academics, exams set and run by staff of the St Andrews University, and external examiners from international universities such as Edinburgh, Ghent, Groningen and Oxford. We provide a proper Masters education without <br> compromise to fully equip tomorrows conservationists.',0,0,1,1,'',NULL,NULL),
	(28,2,'directorates','Units','Academic Planning and Management','','APM','','Planning is bringing the future into the\r\npresent so that you can do something about it\r\nnow<b> by :\r\nAlan Lakein </b><br>\r\n\r\n\r\nWhen planning for a year, plant corn. When planning\r\nfor a decade, plant trees. When planning for life, train\r\nand educate people.<b>Chinese Proverbs</b><br>\r\n\r\n<br>Environmental Scanning,<br>Curriculum Planning,<br>\r\nEnrollment Management,<br>Human Resources\r\nPlanning,<br>Planning for Information Technology,<br>\r\nStudent Services,<br>Academic Planning Within the\r\nLarger Context,<br> and <br>Linking Quality and\r\nAccountability. <b>by Brian P. Nedwek<br></b>\r\n\r\n\r\n\r\nGOOD PLANNING',0,0,1,1,'',NULL,NULL),
	(29,1,'centers','','African Centre of Excellence on Phytomedicine Research and Development','','ACEPRD','','The centre is strongly committed to excellence in research on the production of modern drugs from plants.<br> Research will be focused on different African leaves, <br>roots and plants so as to extract their medicinal contents for the use of human beings.',0,0,1,1,'',NULL,NULL),
	(30,3,'faculties','Departments','Agriculture','','AGRIC','works-img9.jpg','The issues facing the world today shape our work in agriculture and the environment. Learn about our commitment to people, our investment in leading research facilities and our wide network of research and education partners in agriculture.',0,0,1,1,'',NULL,NULL),
	(31,3,'faculties','Departments','Veterinary Medicine','','VET','Aplori.jpg','Veterinarians have never been more needed by society, and we are enthusiastic about providing a science-based education second to none, that will deliver the broadly educated veterinarians that will be required to meet the animal health challenges of the future.',0,0,1,1,'',NULL,NULL),
	(32,3,'faculties','Departments','Engineering','','ENG','','We provide our students with an outstanding engineering education, that brings together cutting edge researchers, exceptional teachers and state-of-the-art facilities in inspiring physical and virtual environments.',0,0,1,1,'',NULL,NULL),
	(35,6,'schools','','School of Postgraduate Studies','','pg','','',0,0,1,1,'',NULL,NULL),
	(36,1,'centers','','Center for Accountig Postgraduate Reseaarch','','CFAPR','','The effect of economic events on the process of summarizing, analyzing, verifying, and reporting standardized financial information, and on the effects of reported information on economic events.<br>\nProfessors typically will choose a subject area and a methodology in which to focus their efforts. Subject areas include the topical areas considered under the umbrella term \"accounting.\" These include information systems, auditing and assurance, corporate governance, financial, forensic, managerial, and tax',0,0,1,1,'',NULL,NULL);

/*!40000 ALTER TABLE `faculties` ENABLE KEYS */;
UNLOCK TABLES;


# Dump of table migrations
# ------------------------------------------------------------

DROP TABLE IF EXISTS `migrations`;

CREATE TABLE `migrations` (
  `migration` varchar(255) COLLATE utf8_unicode_ci NOT NULL,
  `batch` int(11) NOT NULL
) ENGINE=InnoDB DEFAULT CHARSET=utf8 COLLATE=utf8_unicode_ci;

LOCK TABLES `migrations` WRITE;
/*!40000 ALTER TABLE `migrations` DISABLE KEYS */;

INSERT INTO `migrations` (`migration`, `batch`)
VALUES
	('2014_10_12_000000_create_users_table',1),
	('2014_10_12_100000_create_password_resets_table',1),
	('2016_10_24_214513_create_navigations_table',1),
	('2016_10_25_145016_create_sub_navigations_table',1),
	('2016_10_31_093901_create_news_table',1),
	('2016_11_07_045829_create_faculties_table',1),
	('2016_11_07_050032_create_side_navigations_table',1),
	('2016_11_07_050111_create_sub_side_navigations_table',1),
	('2016_11_07_051448_create_departments_table',1),
	('2015_01_15_105324_create_roles_table',2),
	('2015_01_15_114412_create_role_user_table',2),
	('2015_01_26_115212_create_permissions_table',2),
	('2015_01_26_115523_create_permission_role_table',2),
	('2015_02_09_132439_create_permission_user_table',2),
	('2016_11_18_113113_create_secret_question_table',3),
	('2016_11_22_151155_entrust_setup_tables',4);

/*!40000 ALTER TABLE `migrations` ENABLE KEYS */;
UNLOCK TABLES;


# Dump of table navigations
# ------------------------------------------------------------

DROP TABLE IF EXISTS `navigations`;

CREATE TABLE `navigations` (
  `id` int(10) unsigned NOT NULL AUTO_INCREMENT,
  `name` varchar(255) COLLATE utf8_unicode_ci NOT NULL,
  `slug` varchar(255) COLLATE utf8_unicode_ci NOT NULL,
  `category` varchar(15) COLLATE utf8_unicode_ci NOT NULL DEFAULT '',
  `position` int(11) NOT NULL,
  `has_sub_nav` int(11) NOT NULL,
  `navigation_type` varchar(10) COLLATE utf8_unicode_ci NOT NULL,
  `visible` int(11) NOT NULL,
  `weight` int(11) NOT NULL,
  `icon` varchar(10) COLLATE utf8_unicode_ci NOT NULL DEFAULT '',
  `created_at` timestamp NULL DEFAULT NULL,
  `updated_at` timestamp NULL DEFAULT NULL,
  PRIMARY KEY (`id`)
) ENGINE=InnoDB DEFAULT CHARSET=utf8 COLLATE=utf8_unicode_ci;

LOCK TABLES `navigations` WRITE;
/*!40000 ALTER TABLE `navigations` DISABLE KEYS */;

INSERT INTO `navigations` (`id`, `name`, `slug`, `category`, `position`, `has_sub_nav`, `navigation_type`, `visible`, `weight`, `icon`, `created_at`, `updated_at`)
VALUES
	(1,'Home','home','primary',1,0,'fixed',1,1,'fa fa-home','2016-10-27 09:20:01','2016-11-19 21:03:03'),
	(2,'About','About','primary',2,1,'dynamic',1,1,'','2016-10-27 09:20:01','2016-10-27 09:20:01'),
	(3,'News','News','primary',3,1,'fixed',1,1,'','2016-10-27 09:20:01','2016-10-27 09:20:01'),
	(4,'Useful Links','Useful Links','primary',4,1,'dynamic',1,0,'','2016-10-27 09:20:01','2016-10-27 09:20:01'),
	(5,'Faculties/Directorates','Faculties-Directorates','primary',5,1,'fixed',1,1,'','2016-10-27 09:20:01','2016-10-27 09:20:01'),
	(6,'Portal','Portal','primary',6,1,'dynamic',1,1,'','2016-10-27 09:20:01','2016-10-27 09:20:01'),
	(7,'Campuses','Campuses','primary',7,1,'dynamic',1,1,'','2016-10-27 09:20:01','2016-10-27 09:20:01'),
	(8,'Contact','Contact','primary',9,0,'dynamic',1,1,'','2016-10-27 09:20:01','2016-10-27 09:20:01'),
	(9,'Communities','Communities','primary',8,1,'dynamic',1,1,'','2016-10-27 09:20:01','2016-10-27 09:20:01'),
	(10,'Alumni','Alumni','secondary',10,0,'dynamic',1,1,'','2016-11-21 20:12:53','2016-11-21 20:22:26'),
	(11,'Lectures and Publications','Lectures-and-Publications','secondary',11,0,'dynamic',1,1,'','2016-11-21 20:23:48','2016-11-21 20:35:13'),
	(12,'Partnerships','Partnerships','secondary',12,1,'dynamic',1,1,'','2016-11-21 20:24:49','2016-11-21 21:40:53'),
	(13,'Postgraduate School','Postgraduate-School','secondary',13,0,'dynamic',1,1,'','2016-11-21 20:31:19','2016-11-21 20:36:54'),
	(14,'Prospective Student','Prospective-Student','secondary',14,1,'dynamic',1,1,'','2016-11-21 20:32:09','2016-11-21 20:37:22'),
	(15,'Research','Research','secondary',15,1,'dynamic',1,1,'','2016-11-21 20:32:48','2016-11-21 21:21:34'),
	(16,'The Library','The-Library','secondary',16,0,'dynamic',1,1,'','2016-11-21 20:33:31','2016-11-21 21:21:57');

/*!40000 ALTER TABLE `navigations` ENABLE KEYS */;
UNLOCK TABLES;


# Dump of table news
# ------------------------------------------------------------

DROP TABLE IF EXISTS `news`;

CREATE TABLE `news` (
  `id` int(10) unsigned NOT NULL AUTO_INCREMENT,
  `itype` int(11) NOT NULL,
  `category_id` int(11) NOT NULL,
  `sub_category_id` int(11) NOT NULL,
  `latest_news` int(11) NOT NULL,
  `title` varchar(255) COLLATE utf8_unicode_ci NOT NULL,
  `display_line` varchar(255) COLLATE utf8_unicode_ci NOT NULL,
  `slug` varchar(255) COLLATE utf8_unicode_ci DEFAULT NULL,
  `content` text COLLATE utf8_unicode_ci NOT NULL,
  `published` int(11) NOT NULL,
  `has_image` int(11) NOT NULL,
  `image_id` int(11) NOT NULL,
  `position` int(11) NOT NULL,
  `level` int(2) NOT NULL,
  `visible` int(11) NOT NULL,
  `archived` int(11) NOT NULL,
  `archived_by` varchar(255) COLLATE utf8_unicode_ci NOT NULL,
  `archived_date` timestamp NOT NULL DEFAULT CURRENT_TIMESTAMP ON UPDATE CURRENT_TIMESTAMP,
  `author` varchar(255) COLLATE utf8_unicode_ci NOT NULL,
  `verified` int(11) NOT NULL,
  `verified_by` varchar(255) COLLATE utf8_unicode_ci NOT NULL,
  `verified_date` timestamp NOT NULL DEFAULT '0000-00-00 00:00:00',
  `deleted` int(11) NOT NULL,
  `deleted_by` varchar(255) COLLATE utf8_unicode_ci NOT NULL,
  `deleted_date` timestamp NOT NULL DEFAULT '0000-00-00 00:00:00',
  `created_at` timestamp NULL DEFAULT NULL,
  `updated_at` timestamp NULL DEFAULT NULL,
  PRIMARY KEY (`id`),
  KEY `news_title_index` (`title`),
  KEY `news_display_line_index` (`display_line`)
) ENGINE=InnoDB DEFAULT CHARSET=utf8 COLLATE=utf8_unicode_ci;

LOCK TABLES `news` WRITE;
/*!40000 ALTER TABLE `news` DISABLE KEYS */;

INSERT INTO `news` (`id`, `itype`, `category_id`, `sub_category_id`, `latest_news`, `title`, `display_line`, `slug`, `content`, `published`, `has_image`, `image_id`, `position`, `level`, `visible`, `archived`, `archived_by`, `archived_date`, `author`, `verified`, `verified_by`, `verified_date`, `deleted`, `deleted_by`, `deleted_date`, `created_at`, `updated_at`)
VALUES
	(1,1,0,0,1,'2016-2017 Admission is Out','2016-2017 Admission is Out','2016-2017-Admission-is-Out','<p><p><img style=\"width: 200px;\" src=\"data:image/jpeg;base64,/9j/4AAQSkZJRgABAQEASABIAAD/2wBDAAYEBQYFBAYGBQYHBwYIChAKCgkJChQODwwQFxQYGBcUFhYaHSUfGhsjHBYWICwgIyYnKSopGR8tMC0oMCUoKSj/2wBDAQcHBwoIChMKChMoGhYaKCgoKCgoKCgoKCgoKCgoKCgoKCgoKCgoKCgoKCgoKCgoKCgoKCgoKCgoKCgoKCgoKCj/wAARCAD8AMgDASIAAhEBAxEB/8QAHAAAAQUBAQEAAAAAAAAAAAAAAAECAwQFBgcI/8QAQhAAAQMCBAIHBAgDCAIDAAAAAQACAwQRBRIhMUFRBhMiYXGBkTKhscEHFCNCc7LR4TNy8CRSYmOCkqLxNYNDwuP/xAAZAQACAwEAAAAAAAAAAAAAAAAAAwECBAX/xAAkEQACAwACAgIDAAMAAAAAAAAAAQIDERIhBDEiURMyQUJxgf/aAAwDAQACEQMRAD8A+m0WQlCyDwCUJEqABCEBAAhBQgAsiwQSsjHMfoMGizVkwa4+ywauPkoA1ibKhiOL0OHMLqypiitwc7X0XlnSP6Ra2pD48NaKWLbMe08/ILzuvrausfnnlke52pLje6q5fQyNbfs9xqvpGwaF5bG6WXva2wUUX0k4S49pkzR3gLwcNfubpRK8AjVLduD14+n0lhnSzCMQIbDVsDz91/ZK3Gva8AtIIPEL5UZUyxgZXEO3XU9Gum+J4U9ret6yHjG/Vv7KVan7KS8dr0fQqCuV6M9M8PxoNjzCCqI/huO/geK6kG6anvoQ017HIKAkKkgEaoRZQAJE5IVIDUJUIAUJQmpwQAIQhAAhBQgASOcGtJdoBzTZpWRRufI4NaBckrybpz0xkrnS0WHyZKUGz3A6yd3gqtpFoxcniNzpb05jp2vp8JcJJBo6UatHhzXk+JVs9ZM+WaR73uOpcoXSFzrm9lGZLHS3es07zoU+J0MMZc2ztDe9yE5sYaNinAlx0BT2xk8Fnl5Dfo3Q8RL2QFgI2TDENdlc6l390pzadxGoSnOTHKqCM4sbtZMcwC2nmtN9MRwKhdDbSylTaIlTGS6K1PLJC7NE4hwNxray9S6FfSCWNjpMZcSzRrZzuPFeaiMHcaKVsItoT5J9d2GG7xdPpinnjqIWywva+NwuHNNwQpF4f0L6V1GBVLYJ3OkoXO1Yfud4XtNFVRVlMyeneHxvF2uHELbGSktRy5wcHjJ0qEK5QEiVCAEKEIQAISJQgAS3QhABdMkkbG0ucbAJy5jpfiQp6cxMdYkaqkpcVpMVyeHI/SL0oc/NRUr8rSO0QdwvNc7nOu4k32VjFKl1RWvlJvmOip3PzWSc21p1KKkuhXuvpYWSxxk7BNjbc961KWC52WNtyeHVhFQWsZT0pfbQ+S1qXDC63ZWjhVGCRcarpaaijABy2J5hbafGWazDf5T3Ec5HhQDdQlOGN4tC69tK0juTHUoA0AIWr8SMn5mziZ8NAvlHuWdPQlt7Bd9NSN17I8lmVlI0AmyTOhDYXtHCyU+Um4KjaMpXQ11MADYbLGliyu2WKcODN0ZqaGOYHNsu++jDHDTznDaiQlkhvFfgeS4QDs2UlDK+CrimiNnscHA94WiqeMweRVyTPooahKq1BO2po4ZmatkYHjwIurK2nKEQhCkAQhCAEG6UICUIAEIQVADJnZIyeQXlPTKtMn1hwN/uhek4zJ1dFIRyK8g6SvJpXWF7uF1m8iXpGmiPenFSgdYbe9IDqdyppBmcTZRxtudAs1jOrSizSx3tdblFG240WdRx7LdpItlWqPej7pdYbGHWaQVv0772NvBYtDCSdl0NDTkNF9106zlWk0Ra86WNt7KaSIFo30ToadsWjG2BNypXB2a1tDxunCDJqGW119VlVZ0IPFdJPCXNJAWHX0xN7BKmMgznKxrXXuLFYdSwg3C6KsgLTqsepjtdY7VptqlhlkG6dTjM8FPe2zu+6kpm5XX4XSoLstc+tPZOg8pk6PUwO7Ls9Dp7rLoFy30fuzYO88OsPwC6hdFHEl7FSI2QpIBCEIARKhCAFO6CiyEAZXSP/wAdLbexXkmP3NM+3AhewY0zPQSjuK8lxiMSxTRki9tuKxeR7TNfjnHPCWmju5PsC0FLCQ0m+/JLnHWdGqWGnRWJvlsBxW1TyxRgXdbxWPSwdY4ZXFultdQtKHo3NM29LKCb5iHNB1/orVVXFIz22Tb06DCq6lMgAkaTw1XXULmPaCLZSPevK4sExGgqLvcct/aDbLqcKxGWGzZHX7ynqSiJlFyO4DAbW4qTq2garMoKzrQNe+ymqJ8upKYpLNEOD3CZwYGnj4rMrGMPJU67ESxpDT2uC4/FZcQneXU80ubgAbKjkpDFFo38Qijyk3bdcxXNa1x1CIIcXfEevhkJse0NPmopYJpLtqY8p5folTr66HV2d9lCZmuinp2di/FD2ZQxoNwLC6nDMsI8VmhHsbdLo9P6BMy4E02AzPcfgPkulWR0WpzTYHSMcLEszHzN/mtdbEcqXsLIshCkgRCUoQAiVASoARKdkWQRooAysRxGlbngfIA8jkvEqoPfWyukeWSm72HgV3/SUOZiEneuC6RtywveNDG1zweSzSlyff8ADf48c/6YdOS6lhLtCW3071MyzO1w5poZkaxvBrQPcoZg9wytus9k8Z0Ka9NahrRciMOkLRmLWtLjbwC2cH6e4fDFIBHVOMYGdwhBDRe19+ZUPQmeLDGPZJTtkEntuOjj5qN3QqlrMWM9NmZTk5urNiR3eC1eO+tM3kLtpnbUmNR11OyQtvFILtJYW3HgVj4lK2KoIYLC9wt2ohLMPhpQyJkEIGRov8Vx9fI5zm5nXc3Qu5pl8siK8eOyOq6P1JdIASr2L1OQ6FclhVSY3gjgVfxOrMmpSo2fDBs6vnpLTj6zOGk6Faj30VE27spI3J1subpKp0RcWi7iLN8VrikhqsNniqqcy9c0tLyblunJOq9CbvZNLj1BJARFNE521usbf4rBq6qKVziDYlckOhOIOrY6eRwjog8vD3DRt9OGvBdD0mw6joYYBg73ufG0MeDfK+wtfXiotfWhVFJ4UJmHrSWuIF1eomNmngjleGRF/bcTYBo1J9FnU7nOjGYWcrcDGvaOsFwDdZ4PsdbHUenYP0mpa2rbTQxPY06Mc62vkukGoC8v6KN6zG6VxGxJAXqAGgWqL1HNsjxeIXgkSlCsLEQlQgBAlCRCAHJDshISgg4rpnGG1LXcSF5z0jIbh9dm3MVh6hemdNGaRvK8z6TxZqKffVh81kbybN9PpGVIy8pVmmp7kGyhimjlmcAbuBsfRatKG9lJmlyOhW2ol+hgGmi6nDGCNubZYdHYAaLXieMoAOnctFT4iLVyDFqgmNzY3G50LlyNQCXEcF0WJOtGQFzNVLlzc1S6TYzx44XsPIzWV2t0DQsvDJDcGxIWhVyB7RYajklxfQyS7K8Te2Bz2XR4dM9rQHGxHPiFztO7M4LYjkOQADgm1zcRFkFLo0ayUPZvbiufrI2uJzXPir7pS7Q7KnVNzA3KLLNCuriZToQ3VqloWF8uUcTZEt22G6noOxIHgeyor7ZF3SOu6FUf9rfK8D7MFo9f+13C5zoYw/UpZXC2d5/X5ro7LWvRy7HsgSJUKRejUJUIJGpUiUIAUIKAhAGL0mpPrNA8tHabqvMMVpRUU8sLx7QIC9lmYHsc07ELzbpFQ/Vap44HULLfHPkjRRL+HmVFTSU5zPJzHR3iND8FsU0tuNlLisdhcDjqsyN2V3msy+zqVvejqKOUusL3HitujBfYBcvh0o0XW4KWvc25G3otFa0pZ0MxyNtJh7pXi7jo0HmuQjo5Kggm9idSuv6YyNmp42M1yG9gsahme+N3VNYXcGE2JVrYpvCKZuK028DwQzMDWAaBWMQwQwXuLaKrhWKy0xexwfE/YgqzVYjJUWDS5xt5qqhHjmdkOU+XvowJaV8Mgtte61IWCWEOANxYFV55nHJ1jA25tYnVauGAGkcBte9leEf4ROXemc+Mhyq1DCQVpVFrkXVCd2lrhZ5xHwkZ0jefNXcOhLjkGpcbAKvlGclxNiuu6LYI574qyU/ZjtMbzPNOpiZfJmkdVhNKKOhih4tGp7zuryaNAlWk5b7BCEKQEQhCAESpAlCCQslQhACFcd01hFmPHNdksDpVB1tC42vZLtWxZet5I8rxRt4jZc47R66vEI7seO5ctMCHlYIfR04POy/Qy2AFyujw+t6pu64+mfY3WvBLaK5PetFSZexo166q649oplFIGyiw48FRztLLlwueCs4cHOfe2m9+adw7Fc+jsYoYJ6dpnjBdwI3TiyGmjPUsAO19ys+F8vVNDGF9uRTxNNlPWRFnibJ/WGfvTMrpRJNcq3h9VkbusurYWP0OihilLXgXKQo4x7l0bNS8XJBCzp9dUyomIjzElUjUOLrJc49loT6L0DOtkY0ncr1jDYOoooY9srAF5v0VpTVYnCHC4BzHwGq9SaLBOgsRh8ifJipClQrmcRCChAAhCEAMCVIlCCRQlSIugBVTxKITUr2cwriY8XChrUCPJMSgMUr2ngbLkcSi6uY22Oq9M6Y0LoZuua3su3XnXSWXqIWSZbgGzrcBzXOzhZh0apcombGbFa1MC6DsXzb2voVjRua9oLSDxBB3WhSTFjLbLbBY+wk210XQ2dhAMVjzvdaNIXAdppN+YKo09brlfqNteC6TCaqnkI6wWvvZOST9FE3/AJDWPnLbxMNvBLnqDfMxxHeF08LaQx3Bv4ol+qti7R1sr4SnA4ypkefuOH+lZ8rpC6zYnX4EaLo8UmhaCIzrwKxHyhz+AvyVMRVv6InOJpxcEHkSoYG5pdNU+ofezQtLBIGOrIIn7yPAsFSS1kcuMTuOhGHGClNS8dp+jfDiupUcDGxxNYwANAsAFKrYY5PWIlRZCCBEIKEAIhCEANQEl0qCRUJEBACkoSEqriFW2kgdI4+A5lQBU6QU/wBaonRNF3u2C8g6f0cVEyCBswklcC54A0HDderwB88RdUE55dXC18reDR47rzb6W+rZUUYjGUdWbNA0Gu/eVM6Vx5P2XqsfNRR5nBUOoZA138B50P8AdPLwWzT1AJ0WXJE2aJ7JBdrhYqhQVL4JjSVDvtWeyT99vMJUZb0b5x4vf4deyW+2/NXqSolhcCx3kufp6pruOq1qGYGQC+iOXFl+HJGxLjdfCAIozIHHLoFIMWrHA9YLabW1WlhjqUt+0cwC3JMxR9M3sxEHhcJrl1olR7wyZKqR/t6JnW223Uc7m5jrooGyA22SlLWXlHEW2yAPMjycreas9H5XVGNwm/ZD7gErMlfeOw2CmwGpbT4gyRxa1rTclxt8FdPZJCJR+DZ7jh8/WQtBdmBF2u5j9VeCwMIfeljcD2Xm/wDK48fBy3I3ZmAp9kc7MEXo9CEXSi4hQhCAE4oSoQSRpU26AUAOQmF4CiklI9lWUGyrkkTOIC5zFWTVWIw5h/Z2G9ri7vJbBLiCTqeAUOpqC8nNkGl+J4e9XVX2Rz+hjgW6Aj7P2uTnn5D5LxH6RcRbiGPySMke5jB1TbnSwJ281670iqTQ4XM9jtRG8uI1NyN+79yvn+sJkrH3Oym6WRwd4sOUtEh3AVPG8OdVU4dCcs0ZzMdyKvRNsVfijD2Lm609R2sTjjOFpK6Wnc9tQxzZWjVo5dy36DFmklwcNDYg7tV2sweGqJE0YdfnuFTPRgFoYyVxbe9nBaozjP8AZGKVc6/0fRswYyHNZkcSOfNMdjYuMzzbYA8T/wBqnTdGJI4rfXBlGzbHQqRvRo/endlts0cVbIEcrCR2Lh9hlcCRc9xV3D2Pdd7+ALW+F73TaXBIoHXsXG97uWsyEMZYKja9Isk/ciu4aKpJxB2PBaEjVlYiS1nZ3GqrH2TJasPcejszTh1OHElsrWi9hY5r2Nx3jYrfhe4NF+O/jxXGdB2Ol6O03WkdZNELW01HbZ52J9F10ZzWdsXC5tz2K3tajjvplsPB7k66rOF9SASOXv8A1Sh+XY+qVKv6LKX2WEKJsoI1Ul7pbTRZMW6EiFBJXfKGi6hfP2Sb8CbAd9rJkYztaXm92scR4k/slYLlpO3Y/Mf2WmNaQtzbHslbrsLX1ueG6a82Nmi+2/fc29FG5oFgSLZRc927lMxhcxj5Blc4l5HLS3w0Vyo2O7Q57tdL25D90lOOywv4nMfIX/ROn9nKLAk28zonMH2Z72k+psPdZQByf0gtc3B2NY6wB7YHHZeKTRk1LyRuV7/0rozV0U8WXXWxPMAEBeLVlLknfYcVl8nTpeC1jRmMZZXqcbWQINLpYxlNljSOi2Wo47m6vRU1+/wKrwcFo05FhsnQM02I2m10aU50X+GytsASPsmCykYwDrqopdL2Vt3cqkvtWVWSiu8XCz30rqmdkbd3uAHmbLWbGTvstXothYq8Zizt7De158PfZEI6yZz4xbPRcGpBh+HwREBro2Nc4Dg5gDXeoK1S3JI9p0AcCPA6fFVdHOAuMzhseTmm49Wq3fO0OOpMfvGq3nHHDf3ef9XCZ2m59LgdtvhxCf8Ad5/1r7rFGvDXf9x5jVQgGE2J4768TpcJ4Ntiowwsc3W9smvuTbWjbbdrbf7XWQ1oaWBJzCFFb7otuWX8rhCo60W5DA3LlHIRM95/VJEOw0/yfnUh/iE/5hPk1v6hNj0DR+H8bppQjcA4d7rsHqQp3O19B5f1r6JjRrdwIILh5FxP9eKcb3vx/r+vIKGBGb5wQPZBdbv4Ky2MA5RsC1g8AFHCy79t3D3aqbXLm42c712QSVKoCenJ/vBx91l5F0hw99PicjHi1nG3gvZJGdWwDkxx94XNdK8GdXsDoGgzM0F9Mw1/RKthyQ/x7PxyPL/q9wNFWlhsb2WvVwTU0jo5o3McDYghVg3MeaxZjOqpatRFBFoCr0LLW0TqSE7EWV9tONExIU2V42kp7mE20VxkHgnmIeIUkaZMzC0FVoojJItOtj2DQlooHFzWsaS4ngN1DBfYyOkNtAul6I4e5ksspuBo1t+J3B9bLRwnBmxhr6xuvBhtbz1WzTRsLx1bQ2O4AsLaHX5LRXXnbMd1ykuKG0zB1sbv8wHyMZHxurdPa7b8HW9R+yiZEWPjzbh4FhwGQ6epunCZrG6izi1ptb7w4e5OMhI27QB4eo/f4pRwy6cviPmFC2qp5z9hK159uwOtipQb91/6Hv8AioJFlI6sZRftN9LqO2hHfKPeSpfaGmgOnhy9CmSWDcw4tc834EkA/NSA37w8WG/eBc+4ISj+IBw6xzf+NwhBAv8A+h99kNYXSWF9C0jvsP1UUE14g57HNIaSe8E/OynEhLg0NAtceikBCDyN+KaSB7RG17dyQFxtc29g6cLqNw7Jy8pfzhRgDnPfcgOytAI0HqfT4Jv2uYZ5NCWh1gOG/vspW264D/Mt/wACo2XMUZJ3YwnzH/SkCSnmNREHOtmALXgcCDqnvaQ5p2dpv/Nr7iqkeSmmlkeSGSXzcg69ifX5K87NpzGlz3j9QEEmViWFQYnAOujFyNHZSSPQricRwSXD5rOYXRn2X5SAfVelXa45i0OB1FxwTZ4IZ4XMfG/K7Q2NwlzrUh1dzh/o8v6vLsFKy/ALdxXB/q8hdCS6LhfcLObAQdQVlcWumbozUlqIAP6slOg2KudRpsmPhubAIxk6ipHCZXABpJK63AcGbTMEsjQ6Q8bAho5XPyUPR/D2gfWJI81j2b6NHeui7b9nf7Bt5laK687Zjut34oa+JgFnvsP7t/kkp4xG9rBtmAFxyaE+NoYDksOZB+JKZleTmG93ZT/psnGUfC3tjjaQfl/dMIvPfjnd7h+6kILdjq57CT6fomDcHueUAZ9XQsqI2uBLJWxx5ZG6OGqfDUPje2GsADnOcxkg9l9r78irRHY/9bPilc0Pe1rgCDK9pB72lAD+Oul9Lp0gux122JBNvHf3qnA10EbWtJdGGXyHhrbQq2JmXIfpa4N+5QSRDSQaa5m+uVCmcG547anPqf8AQQEIIIS3tFvIsj9NfmkB+zc4b9W4+p/ZP+8Tx6x59AQE1v8AD/0xj/kpAe4fagDYPaPQKM/wr/5bz6uCeD9qPxHH3Jg/gj8FvxQA4C0w/F/+hUbR9kz+RnxU/wD8w/FP5Soh/Cb+GPzBAA5ocLEbukb7yUMc9gs0gglpGbgSP1UlvtB+K78qZ9w/yNPo5ABHNZoD2Fg0GmoU4sddPH9x81C8AF9uBd8AfinsGV4y3beQ3t3tv8UAOkjzsIIcWnho8fqsSvwwXLoGtI4hvDyWy15OW4BJF7+adPo0X7Q71Eopl4zcXqOSdHYWsFcw2g66TPK0dWDx2J5W4q1iVOxk7Q2/bsStanjawZG7NsPFLjDsdO14K1obYNG3dc/oE/ITuP8Aeb+4aJKiQwsGQDzUed7nC7zbrA3TTSyaZyxZrDdxue/5BRPlJOZmgADhfjdMAswHjlfqh2gcP8LPmggcdZP/AGj8qjHsj+R/xUg9tv4p/KUwC0Z/Cd81ACvb2XD/AAM+KUWEg/Fcf+JTne24fyBNPP8AEPwUgRH2ARxDfe66Za5cTyk/OpQB2fFg9yS3Y/0yfmQAgAbI4tG8rCfMAISO+/4xH3hCAP/Z\" data-filename=\"73_new.jpeg\"></p><p>It was hard for me to create rest API before but Laravel have developed with rest API concept. In this tutorial, i will tell you how to create rest API in Laravel \r\nwith resourceful routes for create, read, update and delete records. REST known as Representational State Transfer. A REST API basically \r\ndefine set of method which handle request of client and generate \r\nresponses via HTTP protocol such as GET and POST. Here i write a rest api in Laravel which return in response of JSON format. You can create rest APIs in minutes with Laravel. If you want to quickly create your first test API with Laravel then \r\nopen your routes.php and paste this code to see the response of API. It was hard for me to create rest API before but Laravel have developed with rest API concept.</p>In this tutorial, i will tell you how to create rest API in Laravel \r\nwith resourceful routes for create, read, update and delete records.\r\n<p>REST known as Representational State Transfer. A REST API basically \r\ndefine set of method which handle request of client and generate \r\nresponses via HTTP protocol such as GET and POST. Here i write a rest api in Laravel which return in response of JSON format. You can create rest APIs in minutes with Laravel. If you want to quickly create your first test API with Laravel then \r\nopen your routes.php and paste this code to see the response of API.</p></p>',0,0,0,1,0,1,0,'','2016-11-09 07:17:35','Mohammed Ghaji',1,'','0000-00-00 00:00:00',0,'','0000-00-00 00:00:00','2016-11-07 07:59:11','2016-11-09 06:17:35'),
	(2,1,0,0,1,'The New IJMB Programme is out please','The New IJMB Programme is out please','The-New-IJMB-Programme-is-out-please','<div id=\"extabar\"><div id=\"topabar\" style=\"position:relative\"><div class=\"ab_tnav_wrp\" id=\"slim_appbar\"><div id=\"sbfrm_l\" style=\"visibility: visible;\"><div id=\"resultStats\"><nobr></nobr></div></div></div></div></div><div class=\"mw\"><div id=\"rcnt\" style=\"clear:both;position:relative;zoom:1\"><div class=\"col\" style=\"width:0\"><div id=\"center_col\" style=\"visibility: visible; padding-top: 0px;\"><div class=\"med\" id=\"res\" role=\"main\"><div data-jibp=\"h\" data-jiis=\"uc\" id=\"search\" style=\"\"><div data-ved=\"0ahUKEwj_yeWYtJnQAhUHAsAKHaqTByAQGggX\"><div data-async-context=\"query:how%20to%20use%20image%20intervention%20in%20laravel%205.2%20sample%20script\" id=\"ires\"><div id=\"rso\"><div class=\"srg\"><div class=\"g\"><div class=\"rc\" data-hveid=\"25\" data-ved=\"0ahUKEwj_yeWYtJnQAhUHAsAKHaqTByAQFQgZKAAwAA\"><div class=\"s\"><div><div class=\"f kv _SWb\" style=\"white-space:nowrap\"><cite class=\"_Rm\">itsolutionstuff.com/.../<b>laravel</b>-5-<b>image</b>-upload-and-resize-<b>example</b>-<b>using</b>-<b>intervention</b>-...</cite></div></div></div></div></div></div></div></div></div></div></div></div></div></div></div><span class=\"st\"><span class=\"f\">Apr 26, 2016 - </span><em>laravel</em> 5 create thumbnails <em>image</em>, <em>laravel</em> 5 upload <em>image</em> resize <em>example</em>, resize <em>image</em> in ... So in <em>laravel</em> you can do easily <em>using intervention</em>/<em>image</em> package. ..... How to check Object is empty or not in Jquery/<em>JavaScript</em> ? ... <em>Laravel 5.2</em> multi auth <em>example using</em> Auth guard from scratch · <em>Laravel</em> 5 Ajax&nbsp;...</span><div class=\"_Tib\">You\'ve visited this page 2 times. Last visit: 11/7/16</div>',0,1,0,2,0,1,0,'','2016-11-09 07:13:13','Mohammed Ghaji Ahmed',1,'','0000-00-00 00:00:00',0,'','0000-00-00 00:00:00','2016-11-09 06:13:13','2016-11-09 06:13:13'),
	(3,1,0,0,1,'The 2017-2018 Admission is out for people to see  ','The 2017-2018 Admission is out for people to see  ','The-2017-2018-Admission-is-out-for-people-to-see  ','<div id=\"extabar\"><div id=\"topabar\" style=\"position:relative\"><div class=\"ab_tnav_wrp\" id=\"slim_appbar\"><div id=\"sbfrm_l\" style=\"visibility: visible;\"><div id=\"resultStats\"><nobr></nobr></div></div></div></div></div><div class=\"mw\"><div id=\"rcnt\" style=\"clear:both;position:relative;zoom:1\"><div class=\"col\" style=\"width:0\"><div id=\"center_col\" style=\"visibility: visible; padding-top: 0px;\"><div class=\"med\" id=\"res\" role=\"main\"><div data-jibp=\"h\" data-jiis=\"uc\" id=\"search\" style=\"\"><div data-ved=\"0ahUKEwj_yeWYtJnQAhUHAsAKHaqTByAQGggX\"><div data-async-context=\"query:how%20to%20use%20image%20intervention%20in%20laravel%205.2%20sample%20script\" id=\"ires\"><div id=\"rso\"><div class=\"srg\"><div class=\"g\"><div class=\"rc\" data-hveid=\"25\" data-ved=\"0ahUKEwj_yeWYtJnQAhUHAsAKHaqTByAQFQgZKAAwAA\"><div class=\"s\"><div><div class=\"f kv _SWb\" style=\"white-space:nowrap\"><cite class=\"_Rm\">itsolutionstuff.com/.../<b>laravel</b>-5-<b>image</b>-upload-and-resize-<b>example</b>-<b>using</b>-<b>intervention</b>-...</cite></div></div></div></div></div></div></div></div></div></div></div></div></div></div></div><span class=\"st\"><span class=\"f\">Apr 26, 2016 - </span><em>laravel</em> 5 create thumbnails <em>image</em>, <em>laravel</em> 5 upload <em>image</em> resize <em>example</em>, resize <em>image</em> in ... So in <em>laravel</em> you can do easily <em>using intervention</em>/<em>image</em> package. ..... How to check Object is empty or not in Jquery/<em>JavaScript</em> ? ... <em>Laravel 5.2</em> multi auth <em>example using</em> Auth guard from scratch · <em>Laravel</em> 5 Ajax&nbsp;...</span><div class=\"_Tib\">You\'ve visited this page 2 times. Last visit: 11/7/16</div>',0,1,0,2,0,1,0,'','2016-11-16 23:29:48','Mohammed Ghaji Ahmed',1,'','0000-00-00 00:00:00',0,'','0000-00-00 00:00:00','2016-11-09 06:13:13','2016-11-09 06:13:13'),
	(4,1,0,0,1,'The Remedial Admission Process is on','The Remedial Admission Process is on','The-Remedial-Admission-Process-is-on','The Remedial Admission Process is on please just dont worry and wait because the admission will soon be out.<br>',0,0,0,1,1,1,0,'','2016-11-17 20:48:39','The Office of The Registrar',1,'','0000-00-00 00:00:00',0,'','0000-00-00 00:00:00','2016-11-17 19:48:39','2016-11-17 19:48:39');

/*!40000 ALTER TABLE `news` ENABLE KEYS */;
UNLOCK TABLES;


# Dump of table pages
# ------------------------------------------------------------

DROP TABLE IF EXISTS `pages`;

CREATE TABLE `pages` (
  `id` int(10) unsigned NOT NULL AUTO_INCREMENT,
  `s1` int(2) NOT NULL,
  `name` varchar(255) COLLATE utf8_unicode_ci NOT NULL,
  `slug` varchar(255) COLLATE utf8_unicode_ci NOT NULL,
  `position` int(11) NOT NULL,
  `content` text COLLATE utf8_unicode_ci NOT NULL,
  `visible` int(11) NOT NULL,
  `weight` int(11) NOT NULL,
  `icon` varchar(255) COLLATE utf8_unicode_ci NOT NULL,
  `publish` int(11) NOT NULL,
  `publisher_name` varchar(50) COLLATE utf8_unicode_ci NOT NULL DEFAULT '',
  `published_date` varchar(20) COLLATE utf8_unicode_ci NOT NULL,
  `created_at` timestamp NULL DEFAULT NULL,
  `updated_at` timestamp NULL DEFAULT NULL,
  PRIMARY KEY (`id`)
) ENGINE=InnoDB DEFAULT CHARSET=utf8 COLLATE=utf8_unicode_ci;

LOCK TABLES `pages` WRITE;
/*!40000 ALTER TABLE `pages` DISABLE KEYS */;

INSERT INTO `pages` (`id`, `s1`, `name`, `slug`, `position`, `content`, `visible`, `weight`, `icon`, `publish`, `publisher_name`, `published_date`, `created_at`, `updated_at`)
VALUES
	(1,0,'email','email',0,'Test Page Example One',1,1,'',0,'0','','2016-11-20 10:55:46',NULL),
	(2,0,'elearning','elearning',0,' \"Neque porro quisquam est qui dolorem ipsum quia dolor sit amet, consectetur, adipisci velit...\" \"There is no one who loves pain itself, who seeks after it and wants to have it, simply because it is pain...\"\n\nLorem Ipsum is simply dummy text of the printing and typesetting industry. Lorem Ipsum has been the industry\'s standard dummy text ever since the 1500s, when an unknown printer took a galley of type and scrambled it to make a type specimen book. It has survived not only five centuries, but also the leap into electronic typesetting, remaining essentially unchanged. It was popularised in the 1960s with the release of Letraset sheets containing Lorem Ipsum passages, and more recently with desktop publishing software like Aldus PageMaker including versions of Lorem Ipsum.\n\nIt is a long established fact that a reader will be distracted by the readable content of a page when looking at its layout. The point of using Lorem Ipsum is that it has a more-or-less normal distribution of letters, as opposed to using \'Content here, content here\', making it look like readable English. Many desktop publishing packages and web page editors now use Lorem Ipsum as their default model text, and a search for \'lorem ipsum\' will uncover many web sites still in their infancy. Various versions have evolved over the years, sometimes by accident, sometimes on purpose (injected humour and the like). \"Neque porro quisquam est qui dolorem ipsum quia dolor sit amet, consectetur, adipisci velit...\" \"There is no one who loves pain itself, who seeks after it and wants to have it, simply because it is pain...\"\n\nLorem Ipsum is simply dummy text of the printing and typesetting industry. Lorem Ipsum has been the industry\'s standard dummy text ever since the 1500s, when an unknown printer took a galley of type and scrambled it to make a type specimen book. It has survived not only five centuries, but also the leap into electronic typesetting, remaining essentially unchanged. It was popularised in the 1960s with the release of Letraset sheets containing Lorem Ipsum passages, and more recently with desktop publishing software like Aldus PageMaker including versions of Lorem Ipsum. evolved over the years, sometimes by accident, sometimes on purpose (injected humour and the like). \n\n \"Neque porro quisquam est qui dolorem ipsum quia dolor sit amet, consectetur, adipisci velit...\" \"There is no one who loves pain itself, who seeks after it and wants to have it, simply because it is pain...\"\n\nLorem Ipsum is simply dummy text of the printing and typesetting industry. Lorem Ipsum has been the industry\'s standard dummy text ever since the 1500s, when an unknown printer took a galley of type and scrambled it to make a type specimen book. It has survived not only five centuries, but also the leap into electronic typesetting, remaining essentially unchanged. It was popularised in the 1960s with the release of Letraset sheets containing Lorem Ipsum passages, and more recently with desktop publishing software like Aldus PageMaker including versions of Lorem Ipsum.\n\nIt is a long established fact that a reader will be distracted by the readable content of a page when looking at its layout. The point of using Lorem Ipsum is that it has a more-or-less normal distribution of letters, as opposed to using \'Content here, content here\', making it look like readable English. Many desktop publishing packages and web page editors now use Lorem Ipsum as their default model text, and a search for \'lorem ipsum\' will uncover many web sites still in their infancy. Various versions have evolved over the years, sometimes by accident, sometimes on purpose (injected humour and the like). \"Neque porro quisquam est qui dolorem ipsum quia dolor sit amet, consectetur, adipisci velit...\" \"There is no one who loves pain itself, who seeks after it and wants to have it, simply because it is pain...\"\n\nLorem Ipsum is simply dummy text of the printing and typesetting industry. Lorem Ipsum has been the industry\'s standard dummy text ever since the 1500s, when an unknown printer took a galley of type and scrambled it to make a type specimen book. It has survived not only five centuries, but also the leap into electronic typesetting, remaining essentially unchanged. It was popularised in the 1960s with the release of Letraset sheets containing Lorem Ipsum passages, and more recently with desktop publishing software like Aldus PageMaker including versions of Lorem Ipsum. evolved over the years, sometimes by accident, sometimes on purpose (injected humour and the like). ',1,1,'',0,'0','','2016-11-20 10:55:46',NULL),
	(3,0,'Strategic Plan','Strategic-Plan',0,' \"Neque porro quisquam est qui dolorem ipsum quia dolor sit amet, consectetur, adipisci velit...\" \"There is no one who loves pain itself, who seeks after it and wants to have it, simply because it is pain...\"\n\nLorem Ipsum is simply dummy text of the printing and typesetting industry. Lorem Ipsum has been the industry\'s standard dummy text ever since the 1500s, when an unknown printer took a galley of type and scrambled it to make a type specimen book. It has survived not only five centuries, but also the leap into electronic typesetting, remaining essentially unchanged. It was popularised in the 1960s with the release of Letraset sheets containing Lorem Ipsum passages, and more recently with desktop publishing software like Aldus PageMaker including versions of Lorem Ipsum.\n\nIt is a long established fact that a reader will be distracted by the readable content of a page when looking at its layout. The point of using Lorem Ipsum is that it has a more-or-less normal distribution of letters, as opposed to using \'Content here, content here\', making it look like readable English. Many desktop publishing packages and web page editors now use Lorem Ipsum as their default model text, and a search for \'lorem ipsum\' will uncover many web sites still in their infancy. Various versions have evolved over the years, sometimes by accident, sometimes on purpose (injected humour and the like). \"Neque porro quisquam est qui dolorem ipsum quia dolor sit amet, consectetur, adipisci velit...\" \"There is no one who loves pain itself, who seeks after it and wants to have it, simply because it is pain...\"\n\nLorem Ipsum is simply dummy text of the printing and typesetting industry. Lorem Ipsum has been the industry\'s standard dummy text ever since the 1500s, when an unknown printer took a galley of type and scrambled it to make a type specimen book. It has survived not only five centuries, but also the leap into electronic typesetting, remaining essentially unchanged. It was popularised in the 1960s with the release of Letraset sheets containing Lorem Ipsum passages, and more recently with desktop publishing software like Aldus PageMaker including versions of Lorem Ipsum. evolved over the years, sometimes by accident, sometimes on purpose (injected humour and the like). \n\n \"Neque porro quisquam est qui dolorem ipsum quia dolor sit amet, consectetur, adipisci velit...\" \"There is no one who loves pain itself, who seeks after it and wants to have it, simply because it is pain...\"\n\nLorem Ipsum is simply dummy text of the printing and typesetting industry. Lorem Ipsum has been the industry\'s standard dummy text ever since the 1500s, when an unknown printer took a galley of type and scrambled it to make a type specimen book. It has survived not only five centuries, but also the leap into electronic typesetting, remaining essentially unchanged. It was popularised in the 1960s with the release of Letraset sheets containing Lorem Ipsum passages, and more recently with desktop publishing software like Aldus PageMaker including versions of Lorem Ipsum.\n\nIt is a long established fact that a reader will be distracted by the readable content of a page when looking at its layout. The point of using Lorem Ipsum is that it has a more-or-less normal distribution of letters, as opposed to using \'Content here, content here\', making it look like readable English. Many desktop publishing packages and web page editors now use Lorem Ipsum as their default model text, and a search for \'lorem ipsum\' will uncover many web sites still in their infancy. Various versions have evolved over the years, sometimes by accident, sometimes on purpose (injected humour and the like). \"Neque porro quisquam est qui dolorem ipsum quia dolor sit amet, consectetur, adipisci velit...\" \"There is no one who loves pain itself, who seeks after it and wants to have it, simply because it is pain...\"\n\nLorem Ipsum is simply dummy text of the printing and typesetting industry. Lorem Ipsum has been the industry\'s standard dummy text ever since the 1500s, when an unknown printer took a galley of type and scrambled it to make a type specimen book. It has survived not only five centuries, but also the leap into electronic typesetting, remaining essentially unchanged. It was popularised in the 1960s with the release of Letraset sheets containing Lorem Ipsum passages, and more recently with desktop publishing software like Aldus PageMaker including versions of Lorem Ipsum. evolved over the years, sometimes by accident, sometimes on purpose (injected humour and the like). ',1,1,'',0,'0','','2016-11-20 10:55:46',NULL),
	(4,2,'Future Development','Future-Development',1,'<h4 style=\"text-align: center;\">THIS IS THE UNIVERSITY FUTURE DEVELOPMENT<br></h4><p>Lorem ipsum dolor sit amet, consectetur adipisicing elit. Asperiores cumque minima nemo repudiandae rerum! Aspernatur at, autem expedita id illum laudantium molestias officiis quaerat, rem sapiente sint totam velit. Enim.<p></p>\r\n                                        <p>Lorem ipsum dolor sit amet, consectetur adipisicing elit. Beatae consectetur consequuntur dignissimos dolorem dolores eaque error eum excepturi fugit in iste laboriosam, libero maiores neque officiis omnis, pariatur possimus, quidem quo quod recusandae rem repudiandae rerum saepe sequi suscipit tempora? A aperiam autem deleniti distinctio ea expedita facere fugiat, fugit iure labore laboriosam laudantium nam neque nihil numquam, obcaecati, quam quibusdam ratione recusandae rem sapiente sed veritatis voluptas? Accusantium et laborum minima perferendis praesentium vel. Aliquid architecto, aspernatur autem blanditiis consequuntur debitis, ducimus eaque eos in iste nisi pariatur quidem rem sapiente tempora, tenetur vitae. Dolorem quae quo recusandae similique?</p></p>',1,1,'',0,'MOhammed Ahmed ','11/20/2016','2016-11-20 22:43:56','2016-11-21 12:50:11'),
	(5,3,'Facts and Figures','Facts-and-Figures',1,'UNIVERSITY OF JOS DIRECTORATE OF ACADEMIC PLANNING AND MANAGEMENT<br>Student Statistics 2008 -- 2011<br>Full-Time Students Headcount 2010-2011 Session<br>Part-Time Students Headcount 2010-2011 Session<br>Undergraduate Students Enroll State and Gender 2008-2009<br>Postgraduate Students Enroll State and Gender 2008-2009<br>&nbsp;<br>',1,1,'',0,'Mara Mohammed','11/21/2016','2016-11-21 10:15:09','2016-11-21 14:21:11'),
	(12,0,'Management','Management',1,'<p><h3 align=\'center\'><em>University Management</em></h3></p>\n<p><br></p><table class=\"table table-bordered\"><tbody><tr><td><br></td><td><br></td><td style=\"text-align: center;\"><p><br><img style=\"width: 200px;\" src=\"data:image/jpeg;base64,/9j/4AAQSkZJRgABAQEASABIAAD/2wBDAAYEBQYFBAYGBQYHBwYIChAKCgkJChQODwwQFxQYGBcUFhYaHSUfGhsjHBYWICwgIyYnKSopGR8tMC0oMCUoKSj/2wBDAQcHBwoIChMKChMoGhYaKCgoKCgoKCgoKCgoKCgoKCgoKCgoKCgoKCgoKCgoKCgoKCgoKCgoKCgoKCgoKCgoKCj/wAARCAD8AMgDASIAAhEBAxEB/8QAHAAAAQUBAQEAAAAAAAAAAAAAAAECAwQFBgcI/8QAQhAAAQMCBAIHBAgDCAIDAAAAAQACAwQRBRIhMUFRBhMiYXGBkTKhscEHFCNCc7LR4TNy8CRSYmOCkqLxNYNDwuP/xAAZAQACAwEAAAAAAAAAAAAAAAAAAwECBAX/xAAkEQACAwACAgIDAAMAAAAAAAAAAQIDERIhBDEiURMyQUJxgf/aAAwDAQACEQMRAD8A+m0WQlCyDwCUJEqABCEBAAhBQgAsiwQSsjHMfoMGizVkwa4+ywauPkoA1ibKhiOL0OHMLqypiitwc7X0XlnSP6Ra2pD48NaKWLbMe08/ILzuvrausfnnlke52pLje6q5fQyNbfs9xqvpGwaF5bG6WXva2wUUX0k4S49pkzR3gLwcNfubpRK8AjVLduD14+n0lhnSzCMQIbDVsDz91/ZK3Gva8AtIIPEL5UZUyxgZXEO3XU9Gum+J4U9ret6yHjG/Vv7KVan7KS8dr0fQqCuV6M9M8PxoNjzCCqI/huO/geK6kG6anvoQ017HIKAkKkgEaoRZQAJE5IVIDUJUIAUJQmpwQAIQhAAhBQgASOcGtJdoBzTZpWRRufI4NaBckrybpz0xkrnS0WHyZKUGz3A6yd3gqtpFoxcniNzpb05jp2vp8JcJJBo6UatHhzXk+JVs9ZM+WaR73uOpcoXSFzrm9lGZLHS3es07zoU+J0MMZc2ztDe9yE5sYaNinAlx0BT2xk8Fnl5Dfo3Q8RL2QFgI2TDENdlc6l390pzadxGoSnOTHKqCM4sbtZMcwC2nmtN9MRwKhdDbSylTaIlTGS6K1PLJC7NE4hwNxray9S6FfSCWNjpMZcSzRrZzuPFeaiMHcaKVsItoT5J9d2GG7xdPpinnjqIWywva+NwuHNNwQpF4f0L6V1GBVLYJ3OkoXO1Yfud4XtNFVRVlMyeneHxvF2uHELbGSktRy5wcHjJ0qEK5QEiVCAEKEIQAISJQgAS3QhABdMkkbG0ucbAJy5jpfiQp6cxMdYkaqkpcVpMVyeHI/SL0oc/NRUr8rSO0QdwvNc7nOu4k32VjFKl1RWvlJvmOip3PzWSc21p1KKkuhXuvpYWSxxk7BNjbc961KWC52WNtyeHVhFQWsZT0pfbQ+S1qXDC63ZWjhVGCRcarpaaijABy2J5hbafGWazDf5T3Ec5HhQDdQlOGN4tC69tK0juTHUoA0AIWr8SMn5mziZ8NAvlHuWdPQlt7Bd9NSN17I8lmVlI0AmyTOhDYXtHCyU+Um4KjaMpXQ11MADYbLGliyu2WKcODN0ZqaGOYHNsu++jDHDTznDaiQlkhvFfgeS4QDs2UlDK+CrimiNnscHA94WiqeMweRVyTPooahKq1BO2po4ZmatkYHjwIurK2nKEQhCkAQhCAEG6UICUIAEIQVADJnZIyeQXlPTKtMn1hwN/uhek4zJ1dFIRyK8g6SvJpXWF7uF1m8iXpGmiPenFSgdYbe9IDqdyppBmcTZRxtudAs1jOrSizSx3tdblFG240WdRx7LdpItlWqPej7pdYbGHWaQVv0772NvBYtDCSdl0NDTkNF9106zlWk0Ra86WNt7KaSIFo30ToadsWjG2BNypXB2a1tDxunCDJqGW119VlVZ0IPFdJPCXNJAWHX0xN7BKmMgznKxrXXuLFYdSwg3C6KsgLTqsepjtdY7VptqlhlkG6dTjM8FPe2zu+6kpm5XX4XSoLstc+tPZOg8pk6PUwO7Ls9Dp7rLoFy30fuzYO88OsPwC6hdFHEl7FSI2QpIBCEIARKhCAFO6CiyEAZXSP/wAdLbexXkmP3NM+3AhewY0zPQSjuK8lxiMSxTRki9tuKxeR7TNfjnHPCWmju5PsC0FLCQ0m+/JLnHWdGqWGnRWJvlsBxW1TyxRgXdbxWPSwdY4ZXFultdQtKHo3NM29LKCb5iHNB1/orVVXFIz22Tb06DCq6lMgAkaTw1XXULmPaCLZSPevK4sExGgqLvcct/aDbLqcKxGWGzZHX7ynqSiJlFyO4DAbW4qTq2garMoKzrQNe+ymqJ8upKYpLNEOD3CZwYGnj4rMrGMPJU67ESxpDT2uC4/FZcQneXU80ubgAbKjkpDFFo38Qijyk3bdcxXNa1x1CIIcXfEevhkJse0NPmopYJpLtqY8p5folTr66HV2d9lCZmuinp2di/FD2ZQxoNwLC6nDMsI8VmhHsbdLo9P6BMy4E02AzPcfgPkulWR0WpzTYHSMcLEszHzN/mtdbEcqXsLIshCkgRCUoQAiVASoARKdkWQRooAysRxGlbngfIA8jkvEqoPfWyukeWSm72HgV3/SUOZiEneuC6RtywveNDG1zweSzSlyff8ADf48c/6YdOS6lhLtCW3071MyzO1w5poZkaxvBrQPcoZg9wytus9k8Z0Ka9NahrRciMOkLRmLWtLjbwC2cH6e4fDFIBHVOMYGdwhBDRe19+ZUPQmeLDGPZJTtkEntuOjj5qN3QqlrMWM9NmZTk5urNiR3eC1eO+tM3kLtpnbUmNR11OyQtvFILtJYW3HgVj4lK2KoIYLC9wt2ohLMPhpQyJkEIGRov8Vx9fI5zm5nXc3Qu5pl8siK8eOyOq6P1JdIASr2L1OQ6FclhVSY3gjgVfxOrMmpSo2fDBs6vnpLTj6zOGk6Faj30VE27spI3J1subpKp0RcWi7iLN8VrikhqsNniqqcy9c0tLyblunJOq9CbvZNLj1BJARFNE521usbf4rBq6qKVziDYlckOhOIOrY6eRwjog8vD3DRt9OGvBdD0mw6joYYBg73ufG0MeDfK+wtfXiotfWhVFJ4UJmHrSWuIF1eomNmngjleGRF/bcTYBo1J9FnU7nOjGYWcrcDGvaOsFwDdZ4PsdbHUenYP0mpa2rbTQxPY06Mc62vkukGoC8v6KN6zG6VxGxJAXqAGgWqL1HNsjxeIXgkSlCsLEQlQgBAlCRCAHJDshISgg4rpnGG1LXcSF5z0jIbh9dm3MVh6hemdNGaRvK8z6TxZqKffVh81kbybN9PpGVIy8pVmmp7kGyhimjlmcAbuBsfRatKG9lJmlyOhW2ol+hgGmi6nDGCNubZYdHYAaLXieMoAOnctFT4iLVyDFqgmNzY3G50LlyNQCXEcF0WJOtGQFzNVLlzc1S6TYzx44XsPIzWV2t0DQsvDJDcGxIWhVyB7RYajklxfQyS7K8Te2Bz2XR4dM9rQHGxHPiFztO7M4LYjkOQADgm1zcRFkFLo0ayUPZvbiufrI2uJzXPir7pS7Q7KnVNzA3KLLNCuriZToQ3VqloWF8uUcTZEt22G6noOxIHgeyor7ZF3SOu6FUf9rfK8D7MFo9f+13C5zoYw/UpZXC2d5/X5ro7LWvRy7HsgSJUKRejUJUIJGpUiUIAUIKAhAGL0mpPrNA8tHabqvMMVpRUU8sLx7QIC9lmYHsc07ELzbpFQ/Vap44HULLfHPkjRRL+HmVFTSU5zPJzHR3iND8FsU0tuNlLisdhcDjqsyN2V3msy+zqVvejqKOUusL3HitujBfYBcvh0o0XW4KWvc25G3otFa0pZ0MxyNtJh7pXi7jo0HmuQjo5Kggm9idSuv6YyNmp42M1yG9gsahme+N3VNYXcGE2JVrYpvCKZuK028DwQzMDWAaBWMQwQwXuLaKrhWKy0xexwfE/YgqzVYjJUWDS5xt5qqhHjmdkOU+XvowJaV8Mgtte61IWCWEOANxYFV55nHJ1jA25tYnVauGAGkcBte9leEf4ROXemc+Mhyq1DCQVpVFrkXVCd2lrhZ5xHwkZ0jefNXcOhLjkGpcbAKvlGclxNiuu6LYI574qyU/ZjtMbzPNOpiZfJmkdVhNKKOhih4tGp7zuryaNAlWk5b7BCEKQEQhCAESpAlCCQslQhACFcd01hFmPHNdksDpVB1tC42vZLtWxZet5I8rxRt4jZc47R66vEI7seO5ctMCHlYIfR04POy/Qy2AFyujw+t6pu64+mfY3WvBLaK5PetFSZexo166q649oplFIGyiw48FRztLLlwueCs4cHOfe2m9+adw7Fc+jsYoYJ6dpnjBdwI3TiyGmjPUsAO19ys+F8vVNDGF9uRTxNNlPWRFnibJ/WGfvTMrpRJNcq3h9VkbusurYWP0OihilLXgXKQo4x7l0bNS8XJBCzp9dUyomIjzElUjUOLrJc49loT6L0DOtkY0ncr1jDYOoooY9srAF5v0VpTVYnCHC4BzHwGq9SaLBOgsRh8ifJipClQrmcRCChAAhCEAMCVIlCCRQlSIugBVTxKITUr2cwriY8XChrUCPJMSgMUr2ngbLkcSi6uY22Oq9M6Y0LoZuua3su3XnXSWXqIWSZbgGzrcBzXOzhZh0apcombGbFa1MC6DsXzb2voVjRua9oLSDxBB3WhSTFjLbLbBY+wk210XQ2dhAMVjzvdaNIXAdppN+YKo09brlfqNteC6TCaqnkI6wWvvZOST9FE3/AJDWPnLbxMNvBLnqDfMxxHeF08LaQx3Bv4ol+qti7R1sr4SnA4ypkefuOH+lZ8rpC6zYnX4EaLo8UmhaCIzrwKxHyhz+AvyVMRVv6InOJpxcEHkSoYG5pdNU+ofezQtLBIGOrIIn7yPAsFSS1kcuMTuOhGHGClNS8dp+jfDiupUcDGxxNYwANAsAFKrYY5PWIlRZCCBEIKEAIhCEANQEl0qCRUJEBACkoSEqriFW2kgdI4+A5lQBU6QU/wBaonRNF3u2C8g6f0cVEyCBswklcC54A0HDderwB88RdUE55dXC18reDR47rzb6W+rZUUYjGUdWbNA0Gu/eVM6Vx5P2XqsfNRR5nBUOoZA138B50P8AdPLwWzT1AJ0WXJE2aJ7JBdrhYqhQVL4JjSVDvtWeyT99vMJUZb0b5x4vf4deyW+2/NXqSolhcCx3kufp6pruOq1qGYGQC+iOXFl+HJGxLjdfCAIozIHHLoFIMWrHA9YLabW1WlhjqUt+0cwC3JMxR9M3sxEHhcJrl1olR7wyZKqR/t6JnW223Uc7m5jrooGyA22SlLWXlHEW2yAPMjycreas9H5XVGNwm/ZD7gErMlfeOw2CmwGpbT4gyRxa1rTclxt8FdPZJCJR+DZ7jh8/WQtBdmBF2u5j9VeCwMIfeljcD2Xm/wDK48fBy3I3ZmAp9kc7MEXo9CEXSi4hQhCAE4oSoQSRpU26AUAOQmF4CiklI9lWUGyrkkTOIC5zFWTVWIw5h/Z2G9ri7vJbBLiCTqeAUOpqC8nNkGl+J4e9XVX2Rz+hjgW6Aj7P2uTnn5D5LxH6RcRbiGPySMke5jB1TbnSwJ281670iqTQ4XM9jtRG8uI1NyN+79yvn+sJkrH3Oym6WRwd4sOUtEh3AVPG8OdVU4dCcs0ZzMdyKvRNsVfijD2Lm609R2sTjjOFpK6Wnc9tQxzZWjVo5dy36DFmklwcNDYg7tV2sweGqJE0YdfnuFTPRgFoYyVxbe9nBaozjP8AZGKVc6/0fRswYyHNZkcSOfNMdjYuMzzbYA8T/wBqnTdGJI4rfXBlGzbHQqRvRo/endlts0cVbIEcrCR2Lh9hlcCRc9xV3D2Pdd7+ALW+F73TaXBIoHXsXG97uWsyEMZYKja9Isk/ciu4aKpJxB2PBaEjVlYiS1nZ3GqrH2TJasPcejszTh1OHElsrWi9hY5r2Nx3jYrfhe4NF+O/jxXGdB2Ol6O03WkdZNELW01HbZ52J9F10ZzWdsXC5tz2K3tajjvplsPB7k66rOF9SASOXv8A1Sh+XY+qVKv6LKX2WEKJsoI1Ul7pbTRZMW6EiFBJXfKGi6hfP2Sb8CbAd9rJkYztaXm92scR4k/slYLlpO3Y/Mf2WmNaQtzbHslbrsLX1ueG6a82Nmi+2/fc29FG5oFgSLZRc927lMxhcxj5Blc4l5HLS3w0Vyo2O7Q57tdL25D90lOOywv4nMfIX/ROn9nKLAk28zonMH2Z72k+psPdZQByf0gtc3B2NY6wB7YHHZeKTRk1LyRuV7/0rozV0U8WXXWxPMAEBeLVlLknfYcVl8nTpeC1jRmMZZXqcbWQINLpYxlNljSOi2Wo47m6vRU1+/wKrwcFo05FhsnQM02I2m10aU50X+GytsASPsmCykYwDrqopdL2Vt3cqkvtWVWSiu8XCz30rqmdkbd3uAHmbLWbGTvstXothYq8Zizt7De158PfZEI6yZz4xbPRcGpBh+HwREBro2Nc4Dg5gDXeoK1S3JI9p0AcCPA6fFVdHOAuMzhseTmm49Wq3fO0OOpMfvGq3nHHDf3ef9XCZ2m59LgdtvhxCf8Ad5/1r7rFGvDXf9x5jVQgGE2J4768TpcJ4Ntiowwsc3W9smvuTbWjbbdrbf7XWQ1oaWBJzCFFb7otuWX8rhCo60W5DA3LlHIRM95/VJEOw0/yfnUh/iE/5hPk1v6hNj0DR+H8bppQjcA4d7rsHqQp3O19B5f1r6JjRrdwIILh5FxP9eKcb3vx/r+vIKGBGb5wQPZBdbv4Ky2MA5RsC1g8AFHCy79t3D3aqbXLm42c712QSVKoCenJ/vBx91l5F0hw99PicjHi1nG3gvZJGdWwDkxx94XNdK8GdXsDoGgzM0F9Mw1/RKthyQ/x7PxyPL/q9wNFWlhsb2WvVwTU0jo5o3McDYghVg3MeaxZjOqpatRFBFoCr0LLW0TqSE7EWV9tONExIU2V42kp7mE20VxkHgnmIeIUkaZMzC0FVoojJItOtj2DQlooHFzWsaS4ngN1DBfYyOkNtAul6I4e5ksspuBo1t+J3B9bLRwnBmxhr6xuvBhtbz1WzTRsLx1bQ2O4AsLaHX5LRXXnbMd1ykuKG0zB1sbv8wHyMZHxurdPa7b8HW9R+yiZEWPjzbh4FhwGQ6epunCZrG6izi1ptb7w4e5OMhI27QB4eo/f4pRwy6cviPmFC2qp5z9hK159uwOtipQb91/6Hv8AioJFlI6sZRftN9LqO2hHfKPeSpfaGmgOnhy9CmSWDcw4tc834EkA/NSA37w8WG/eBc+4ISj+IBw6xzf+NwhBAv8A+h99kNYXSWF9C0jvsP1UUE14g57HNIaSe8E/OynEhLg0NAtceikBCDyN+KaSB7RG17dyQFxtc29g6cLqNw7Jy8pfzhRgDnPfcgOytAI0HqfT4Jv2uYZ5NCWh1gOG/vspW264D/Mt/wACo2XMUZJ3YwnzH/SkCSnmNREHOtmALXgcCDqnvaQ5p2dpv/Nr7iqkeSmmlkeSGSXzcg69ifX5K87NpzGlz3j9QEEmViWFQYnAOujFyNHZSSPQricRwSXD5rOYXRn2X5SAfVelXa45i0OB1FxwTZ4IZ4XMfG/K7Q2NwlzrUh1dzh/o8v6vLsFKy/ALdxXB/q8hdCS6LhfcLObAQdQVlcWumbozUlqIAP6slOg2KudRpsmPhubAIxk6ipHCZXABpJK63AcGbTMEsjQ6Q8bAho5XPyUPR/D2gfWJI81j2b6NHeui7b9nf7Bt5laK687Zjut34oa+JgFnvsP7t/kkp4xG9rBtmAFxyaE+NoYDksOZB+JKZleTmG93ZT/psnGUfC3tjjaQfl/dMIvPfjnd7h+6kILdjq57CT6fomDcHueUAZ9XQsqI2uBLJWxx5ZG6OGqfDUPje2GsADnOcxkg9l9r78irRHY/9bPilc0Pe1rgCDK9pB72lAD+Oul9Lp0gux122JBNvHf3qnA10EbWtJdGGXyHhrbQq2JmXIfpa4N+5QSRDSQaa5m+uVCmcG547anPqf8AQQEIIIS3tFvIsj9NfmkB+zc4b9W4+p/ZP+8Tx6x59AQE1v8AD/0xj/kpAe4fagDYPaPQKM/wr/5bz6uCeD9qPxHH3Jg/gj8FvxQA4C0w/F/+hUbR9kz+RnxU/wD8w/FP5Soh/Cb+GPzBAA5ocLEbukb7yUMc9gs0gglpGbgSP1UlvtB+K78qZ9w/yNPo5ABHNZoD2Fg0GmoU4sddPH9x81C8AF9uBd8AfinsGV4y3beQ3t3tv8UAOkjzsIIcWnho8fqsSvwwXLoGtI4hvDyWy15OW4BJF7+adPo0X7Q71Eopl4zcXqOSdHYWsFcw2g66TPK0dWDx2J5W4q1iVOxk7Q2/bsStanjawZG7NsPFLjDsdO14K1obYNG3dc/oE/ITuP8Aeb+4aJKiQwsGQDzUed7nC7zbrA3TTSyaZyxZrDdxue/5BRPlJOZmgADhfjdMAswHjlfqh2gcP8LPmggcdZP/AGj8qjHsj+R/xUg9tv4p/KUwC0Z/Cd81ACvb2XD/AAM+KUWEg/Fcf+JTne24fyBNPP8AEPwUgRH2ARxDfe66Za5cTyk/OpQB2fFg9yS3Y/0yfmQAgAbI4tG8rCfMAISO+/4xH3hCAP/Z\" data-filename=\"73_new.jpeg\"></p><p>Vice Cheancellor<br></p><p><br></p></td><td><br></td><td><br></td></tr><tr><td><br></td><td style=\"text-align: center;\"><p><br><img style=\"width: 200px;\" src=\"data:image/jpeg;base64,/9j/4AAQSkZJRgABAQEASABIAAD/2wBDAAYEBQYFBAYGBQYHBwYIChAKCgkJChQODwwQFxQYGBcUFhYaHSUfGhsjHBYWICwgIyYnKSopGR8tMC0oMCUoKSj/2wBDAQcHBwoIChMKChMoGhYaKCgoKCgoKCgoKCgoKCgoKCgoKCgoKCgoKCgoKCgoKCgoKCgoKCgoKCgoKCgoKCgoKCj/wAARCAD8AMgDASIAAhEBAxEB/8QAHAAAAQUBAQEAAAAAAAAAAAAAAAECAwQFBgcI/8QAQhAAAQMCBAIHBAgDCAIDAAAAAQACAwQRBRIhMUFRBhMiYXGBkTKhscEHFCNCc7LR4TNy8CRSYmOCkqLxNYNDwuP/xAAZAQACAwEAAAAAAAAAAAAAAAAAAwECBAX/xAAkEQACAwACAgIDAAMAAAAAAAAAAQIDERIhBDEiURMyQUJxgf/aAAwDAQACEQMRAD8A+m0WQlCyDwCUJEqABCEBAAhBQgAsiwQSsjHMfoMGizVkwa4+ywauPkoA1ibKhiOL0OHMLqypiitwc7X0XlnSP6Ra2pD48NaKWLbMe08/ILzuvrausfnnlke52pLje6q5fQyNbfs9xqvpGwaF5bG6WXva2wUUX0k4S49pkzR3gLwcNfubpRK8AjVLduD14+n0lhnSzCMQIbDVsDz91/ZK3Gva8AtIIPEL5UZUyxgZXEO3XU9Gum+J4U9ret6yHjG/Vv7KVan7KS8dr0fQqCuV6M9M8PxoNjzCCqI/huO/geK6kG6anvoQ017HIKAkKkgEaoRZQAJE5IVIDUJUIAUJQmpwQAIQhAAhBQgASOcGtJdoBzTZpWRRufI4NaBckrybpz0xkrnS0WHyZKUGz3A6yd3gqtpFoxcniNzpb05jp2vp8JcJJBo6UatHhzXk+JVs9ZM+WaR73uOpcoXSFzrm9lGZLHS3es07zoU+J0MMZc2ztDe9yE5sYaNinAlx0BT2xk8Fnl5Dfo3Q8RL2QFgI2TDENdlc6l390pzadxGoSnOTHKqCM4sbtZMcwC2nmtN9MRwKhdDbSylTaIlTGS6K1PLJC7NE4hwNxray9S6FfSCWNjpMZcSzRrZzuPFeaiMHcaKVsItoT5J9d2GG7xdPpinnjqIWywva+NwuHNNwQpF4f0L6V1GBVLYJ3OkoXO1Yfud4XtNFVRVlMyeneHxvF2uHELbGSktRy5wcHjJ0qEK5QEiVCAEKEIQAISJQgAS3QhABdMkkbG0ucbAJy5jpfiQp6cxMdYkaqkpcVpMVyeHI/SL0oc/NRUr8rSO0QdwvNc7nOu4k32VjFKl1RWvlJvmOip3PzWSc21p1KKkuhXuvpYWSxxk7BNjbc961KWC52WNtyeHVhFQWsZT0pfbQ+S1qXDC63ZWjhVGCRcarpaaijABy2J5hbafGWazDf5T3Ec5HhQDdQlOGN4tC69tK0juTHUoA0AIWr8SMn5mziZ8NAvlHuWdPQlt7Bd9NSN17I8lmVlI0AmyTOhDYXtHCyU+Um4KjaMpXQ11MADYbLGliyu2WKcODN0ZqaGOYHNsu++jDHDTznDaiQlkhvFfgeS4QDs2UlDK+CrimiNnscHA94WiqeMweRVyTPooahKq1BO2po4ZmatkYHjwIurK2nKEQhCkAQhCAEG6UICUIAEIQVADJnZIyeQXlPTKtMn1hwN/uhek4zJ1dFIRyK8g6SvJpXWF7uF1m8iXpGmiPenFSgdYbe9IDqdyppBmcTZRxtudAs1jOrSizSx3tdblFG240WdRx7LdpItlWqPej7pdYbGHWaQVv0772NvBYtDCSdl0NDTkNF9106zlWk0Ra86WNt7KaSIFo30ToadsWjG2BNypXB2a1tDxunCDJqGW119VlVZ0IPFdJPCXNJAWHX0xN7BKmMgznKxrXXuLFYdSwg3C6KsgLTqsepjtdY7VptqlhlkG6dTjM8FPe2zu+6kpm5XX4XSoLstc+tPZOg8pk6PUwO7Ls9Dp7rLoFy30fuzYO88OsPwC6hdFHEl7FSI2QpIBCEIARKhCAFO6CiyEAZXSP/wAdLbexXkmP3NM+3AhewY0zPQSjuK8lxiMSxTRki9tuKxeR7TNfjnHPCWmju5PsC0FLCQ0m+/JLnHWdGqWGnRWJvlsBxW1TyxRgXdbxWPSwdY4ZXFultdQtKHo3NM29LKCb5iHNB1/orVVXFIz22Tb06DCq6lMgAkaTw1XXULmPaCLZSPevK4sExGgqLvcct/aDbLqcKxGWGzZHX7ynqSiJlFyO4DAbW4qTq2garMoKzrQNe+ymqJ8upKYpLNEOD3CZwYGnj4rMrGMPJU67ESxpDT2uC4/FZcQneXU80ubgAbKjkpDFFo38Qijyk3bdcxXNa1x1CIIcXfEevhkJse0NPmopYJpLtqY8p5folTr66HV2d9lCZmuinp2di/FD2ZQxoNwLC6nDMsI8VmhHsbdLo9P6BMy4E02AzPcfgPkulWR0WpzTYHSMcLEszHzN/mtdbEcqXsLIshCkgRCUoQAiVASoARKdkWQRooAysRxGlbngfIA8jkvEqoPfWyukeWSm72HgV3/SUOZiEneuC6RtywveNDG1zweSzSlyff8ADf48c/6YdOS6lhLtCW3071MyzO1w5poZkaxvBrQPcoZg9wytus9k8Z0Ka9NahrRciMOkLRmLWtLjbwC2cH6e4fDFIBHVOMYGdwhBDRe19+ZUPQmeLDGPZJTtkEntuOjj5qN3QqlrMWM9NmZTk5urNiR3eC1eO+tM3kLtpnbUmNR11OyQtvFILtJYW3HgVj4lK2KoIYLC9wt2ohLMPhpQyJkEIGRov8Vx9fI5zm5nXc3Qu5pl8siK8eOyOq6P1JdIASr2L1OQ6FclhVSY3gjgVfxOrMmpSo2fDBs6vnpLTj6zOGk6Faj30VE27spI3J1subpKp0RcWi7iLN8VrikhqsNniqqcy9c0tLyblunJOq9CbvZNLj1BJARFNE521usbf4rBq6qKVziDYlckOhOIOrY6eRwjog8vD3DRt9OGvBdD0mw6joYYBg73ufG0MeDfK+wtfXiotfWhVFJ4UJmHrSWuIF1eomNmngjleGRF/bcTYBo1J9FnU7nOjGYWcrcDGvaOsFwDdZ4PsdbHUenYP0mpa2rbTQxPY06Mc62vkukGoC8v6KN6zG6VxGxJAXqAGgWqL1HNsjxeIXgkSlCsLEQlQgBAlCRCAHJDshISgg4rpnGG1LXcSF5z0jIbh9dm3MVh6hemdNGaRvK8z6TxZqKffVh81kbybN9PpGVIy8pVmmp7kGyhimjlmcAbuBsfRatKG9lJmlyOhW2ol+hgGmi6nDGCNubZYdHYAaLXieMoAOnctFT4iLVyDFqgmNzY3G50LlyNQCXEcF0WJOtGQFzNVLlzc1S6TYzx44XsPIzWV2t0DQsvDJDcGxIWhVyB7RYajklxfQyS7K8Te2Bz2XR4dM9rQHGxHPiFztO7M4LYjkOQADgm1zcRFkFLo0ayUPZvbiufrI2uJzXPir7pS7Q7KnVNzA3KLLNCuriZToQ3VqloWF8uUcTZEt22G6noOxIHgeyor7ZF3SOu6FUf9rfK8D7MFo9f+13C5zoYw/UpZXC2d5/X5ro7LWvRy7HsgSJUKRejUJUIJGpUiUIAUIKAhAGL0mpPrNA8tHabqvMMVpRUU8sLx7QIC9lmYHsc07ELzbpFQ/Vap44HULLfHPkjRRL+HmVFTSU5zPJzHR3iND8FsU0tuNlLisdhcDjqsyN2V3msy+zqVvejqKOUusL3HitujBfYBcvh0o0XW4KWvc25G3otFa0pZ0MxyNtJh7pXi7jo0HmuQjo5Kggm9idSuv6YyNmp42M1yG9gsahme+N3VNYXcGE2JVrYpvCKZuK028DwQzMDWAaBWMQwQwXuLaKrhWKy0xexwfE/YgqzVYjJUWDS5xt5qqhHjmdkOU+XvowJaV8Mgtte61IWCWEOANxYFV55nHJ1jA25tYnVauGAGkcBte9leEf4ROXemc+Mhyq1DCQVpVFrkXVCd2lrhZ5xHwkZ0jefNXcOhLjkGpcbAKvlGclxNiuu6LYI574qyU/ZjtMbzPNOpiZfJmkdVhNKKOhih4tGp7zuryaNAlWk5b7BCEKQEQhCAESpAlCCQslQhACFcd01hFmPHNdksDpVB1tC42vZLtWxZet5I8rxRt4jZc47R66vEI7seO5ctMCHlYIfR04POy/Qy2AFyujw+t6pu64+mfY3WvBLaK5PetFSZexo166q649oplFIGyiw48FRztLLlwueCs4cHOfe2m9+adw7Fc+jsYoYJ6dpnjBdwI3TiyGmjPUsAO19ys+F8vVNDGF9uRTxNNlPWRFnibJ/WGfvTMrpRJNcq3h9VkbusurYWP0OihilLXgXKQo4x7l0bNS8XJBCzp9dUyomIjzElUjUOLrJc49loT6L0DOtkY0ncr1jDYOoooY9srAF5v0VpTVYnCHC4BzHwGq9SaLBOgsRh8ifJipClQrmcRCChAAhCEAMCVIlCCRQlSIugBVTxKITUr2cwriY8XChrUCPJMSgMUr2ngbLkcSi6uY22Oq9M6Y0LoZuua3su3XnXSWXqIWSZbgGzrcBzXOzhZh0apcombGbFa1MC6DsXzb2voVjRua9oLSDxBB3WhSTFjLbLbBY+wk210XQ2dhAMVjzvdaNIXAdppN+YKo09brlfqNteC6TCaqnkI6wWvvZOST9FE3/AJDWPnLbxMNvBLnqDfMxxHeF08LaQx3Bv4ol+qti7R1sr4SnA4ypkefuOH+lZ8rpC6zYnX4EaLo8UmhaCIzrwKxHyhz+AvyVMRVv6InOJpxcEHkSoYG5pdNU+ofezQtLBIGOrIIn7yPAsFSS1kcuMTuOhGHGClNS8dp+jfDiupUcDGxxNYwANAsAFKrYY5PWIlRZCCBEIKEAIhCEANQEl0qCRUJEBACkoSEqriFW2kgdI4+A5lQBU6QU/wBaonRNF3u2C8g6f0cVEyCBswklcC54A0HDderwB88RdUE55dXC18reDR47rzb6W+rZUUYjGUdWbNA0Gu/eVM6Vx5P2XqsfNRR5nBUOoZA138B50P8AdPLwWzT1AJ0WXJE2aJ7JBdrhYqhQVL4JjSVDvtWeyT99vMJUZb0b5x4vf4deyW+2/NXqSolhcCx3kufp6pruOq1qGYGQC+iOXFl+HJGxLjdfCAIozIHHLoFIMWrHA9YLabW1WlhjqUt+0cwC3JMxR9M3sxEHhcJrl1olR7wyZKqR/t6JnW223Uc7m5jrooGyA22SlLWXlHEW2yAPMjycreas9H5XVGNwm/ZD7gErMlfeOw2CmwGpbT4gyRxa1rTclxt8FdPZJCJR+DZ7jh8/WQtBdmBF2u5j9VeCwMIfeljcD2Xm/wDK48fBy3I3ZmAp9kc7MEXo9CEXSi4hQhCAE4oSoQSRpU26AUAOQmF4CiklI9lWUGyrkkTOIC5zFWTVWIw5h/Z2G9ri7vJbBLiCTqeAUOpqC8nNkGl+J4e9XVX2Rz+hjgW6Aj7P2uTnn5D5LxH6RcRbiGPySMke5jB1TbnSwJ281670iqTQ4XM9jtRG8uI1NyN+79yvn+sJkrH3Oym6WRwd4sOUtEh3AVPG8OdVU4dCcs0ZzMdyKvRNsVfijD2Lm609R2sTjjOFpK6Wnc9tQxzZWjVo5dy36DFmklwcNDYg7tV2sweGqJE0YdfnuFTPRgFoYyVxbe9nBaozjP8AZGKVc6/0fRswYyHNZkcSOfNMdjYuMzzbYA8T/wBqnTdGJI4rfXBlGzbHQqRvRo/endlts0cVbIEcrCR2Lh9hlcCRc9xV3D2Pdd7+ALW+F73TaXBIoHXsXG97uWsyEMZYKja9Isk/ciu4aKpJxB2PBaEjVlYiS1nZ3GqrH2TJasPcejszTh1OHElsrWi9hY5r2Nx3jYrfhe4NF+O/jxXGdB2Ol6O03WkdZNELW01HbZ52J9F10ZzWdsXC5tz2K3tajjvplsPB7k66rOF9SASOXv8A1Sh+XY+qVKv6LKX2WEKJsoI1Ul7pbTRZMW6EiFBJXfKGi6hfP2Sb8CbAd9rJkYztaXm92scR4k/slYLlpO3Y/Mf2WmNaQtzbHslbrsLX1ueG6a82Nmi+2/fc29FG5oFgSLZRc927lMxhcxj5Blc4l5HLS3w0Vyo2O7Q57tdL25D90lOOywv4nMfIX/ROn9nKLAk28zonMH2Z72k+psPdZQByf0gtc3B2NY6wB7YHHZeKTRk1LyRuV7/0rozV0U8WXXWxPMAEBeLVlLknfYcVl8nTpeC1jRmMZZXqcbWQINLpYxlNljSOi2Wo47m6vRU1+/wKrwcFo05FhsnQM02I2m10aU50X+GytsASPsmCykYwDrqopdL2Vt3cqkvtWVWSiu8XCz30rqmdkbd3uAHmbLWbGTvstXothYq8Zizt7De158PfZEI6yZz4xbPRcGpBh+HwREBro2Nc4Dg5gDXeoK1S3JI9p0AcCPA6fFVdHOAuMzhseTmm49Wq3fO0OOpMfvGq3nHHDf3ef9XCZ2m59LgdtvhxCf8Ad5/1r7rFGvDXf9x5jVQgGE2J4768TpcJ4Ntiowwsc3W9smvuTbWjbbdrbf7XWQ1oaWBJzCFFb7otuWX8rhCo60W5DA3LlHIRM95/VJEOw0/yfnUh/iE/5hPk1v6hNj0DR+H8bppQjcA4d7rsHqQp3O19B5f1r6JjRrdwIILh5FxP9eKcb3vx/r+vIKGBGb5wQPZBdbv4Ky2MA5RsC1g8AFHCy79t3D3aqbXLm42c712QSVKoCenJ/vBx91l5F0hw99PicjHi1nG3gvZJGdWwDkxx94XNdK8GdXsDoGgzM0F9Mw1/RKthyQ/x7PxyPL/q9wNFWlhsb2WvVwTU0jo5o3McDYghVg3MeaxZjOqpatRFBFoCr0LLW0TqSE7EWV9tONExIU2V42kp7mE20VxkHgnmIeIUkaZMzC0FVoojJItOtj2DQlooHFzWsaS4ngN1DBfYyOkNtAul6I4e5ksspuBo1t+J3B9bLRwnBmxhr6xuvBhtbz1WzTRsLx1bQ2O4AsLaHX5LRXXnbMd1ykuKG0zB1sbv8wHyMZHxurdPa7b8HW9R+yiZEWPjzbh4FhwGQ6epunCZrG6izi1ptb7w4e5OMhI27QB4eo/f4pRwy6cviPmFC2qp5z9hK159uwOtipQb91/6Hv8AioJFlI6sZRftN9LqO2hHfKPeSpfaGmgOnhy9CmSWDcw4tc834EkA/NSA37w8WG/eBc+4ISj+IBw6xzf+NwhBAv8A+h99kNYXSWF9C0jvsP1UUE14g57HNIaSe8E/OynEhLg0NAtceikBCDyN+KaSB7RG17dyQFxtc29g6cLqNw7Jy8pfzhRgDnPfcgOytAI0HqfT4Jv2uYZ5NCWh1gOG/vspW264D/Mt/wACo2XMUZJ3YwnzH/SkCSnmNREHOtmALXgcCDqnvaQ5p2dpv/Nr7iqkeSmmlkeSGSXzcg69ifX5K87NpzGlz3j9QEEmViWFQYnAOujFyNHZSSPQricRwSXD5rOYXRn2X5SAfVelXa45i0OB1FxwTZ4IZ4XMfG/K7Q2NwlzrUh1dzh/o8v6vLsFKy/ALdxXB/q8hdCS6LhfcLObAQdQVlcWumbozUlqIAP6slOg2KudRpsmPhubAIxk6ipHCZXABpJK63AcGbTMEsjQ6Q8bAho5XPyUPR/D2gfWJI81j2b6NHeui7b9nf7Bt5laK687Zjut34oa+JgFnvsP7t/kkp4xG9rBtmAFxyaE+NoYDksOZB+JKZleTmG93ZT/psnGUfC3tjjaQfl/dMIvPfjnd7h+6kILdjq57CT6fomDcHueUAZ9XQsqI2uBLJWxx5ZG6OGqfDUPje2GsADnOcxkg9l9r78irRHY/9bPilc0Pe1rgCDK9pB72lAD+Oul9Lp0gux122JBNvHf3qnA10EbWtJdGGXyHhrbQq2JmXIfpa4N+5QSRDSQaa5m+uVCmcG547anPqf8AQQEIIIS3tFvIsj9NfmkB+zc4b9W4+p/ZP+8Tx6x59AQE1v8AD/0xj/kpAe4fagDYPaPQKM/wr/5bz6uCeD9qPxHH3Jg/gj8FvxQA4C0w/F/+hUbR9kz+RnxU/wD8w/FP5Soh/Cb+GPzBAA5ocLEbukb7yUMc9gs0gglpGbgSP1UlvtB+K78qZ9w/yNPo5ABHNZoD2Fg0GmoU4sddPH9x81C8AF9uBd8AfinsGV4y3beQ3t3tv8UAOkjzsIIcWnho8fqsSvwwXLoGtI4hvDyWy15OW4BJF7+adPo0X7Q71Eopl4zcXqOSdHYWsFcw2g66TPK0dWDx2J5W4q1iVOxk7Q2/bsStanjawZG7NsPFLjDsdO14K1obYNG3dc/oE/ITuP8Aeb+4aJKiQwsGQDzUed7nC7zbrA3TTSyaZyxZrDdxue/5BRPlJOZmgADhfjdMAswHjlfqh2gcP8LPmggcdZP/AGj8qjHsj+R/xUg9tv4p/KUwC0Z/Cd81ACvb2XD/AAM+KUWEg/Fcf+JTne24fyBNPP8AEPwUgRH2ARxDfe66Za5cTyk/OpQB2fFg9yS3Y/0yfmQAgAbI4tG8rCfMAISO+/4xH3hCAP/Z\" data-filename=\"73_new.jpeg\"></p><p>DVC Administration<br></p></td><td><br></td><td style=\"text-align: center;\"><p><br><img style=\"width: 200px;\" src=\"data:image/jpeg;base64,/9j/4AAQSkZJRgABAQEASABIAAD/2wBDAAYEBQYFBAYGBQYHBwYIChAKCgkJChQODwwQFxQYGBcUFhYaHSUfGhsjHBYWICwgIyYnKSopGR8tMC0oMCUoKSj/2wBDAQcHBwoIChMKChMoGhYaKCgoKCgoKCgoKCgoKCgoKCgoKCgoKCgoKCgoKCgoKCgoKCgoKCgoKCgoKCgoKCgoKCj/wAARCAD8AMgDASIAAhEBAxEB/8QAHAAAAQUBAQEAAAAAAAAAAAAAAAECAwQFBgcI/8QAQhAAAQMCBAIHBAgDCAIDAAAAAQACAwQRBRIhMUFRBhMiYXGBkTKhscEHFCNCc7LR4TNy8CRSYmOCkqLxNYNDwuP/xAAZAQACAwEAAAAAAAAAAAAAAAAAAwECBAX/xAAkEQACAwACAgIDAAMAAAAAAAAAAQIDERIhBDEiURMyQUJxgf/aAAwDAQACEQMRAD8A+m0WQlCyDwCUJEqABCEBAAhBQgAsiwQSsjHMfoMGizVkwa4+ywauPkoA1ibKhiOL0OHMLqypiitwc7X0XlnSP6Ra2pD48NaKWLbMe08/ILzuvrausfnnlke52pLje6q5fQyNbfs9xqvpGwaF5bG6WXva2wUUX0k4S49pkzR3gLwcNfubpRK8AjVLduD14+n0lhnSzCMQIbDVsDz91/ZK3Gva8AtIIPEL5UZUyxgZXEO3XU9Gum+J4U9ret6yHjG/Vv7KVan7KS8dr0fQqCuV6M9M8PxoNjzCCqI/huO/geK6kG6anvoQ017HIKAkKkgEaoRZQAJE5IVIDUJUIAUJQmpwQAIQhAAhBQgASOcGtJdoBzTZpWRRufI4NaBckrybpz0xkrnS0WHyZKUGz3A6yd3gqtpFoxcniNzpb05jp2vp8JcJJBo6UatHhzXk+JVs9ZM+WaR73uOpcoXSFzrm9lGZLHS3es07zoU+J0MMZc2ztDe9yE5sYaNinAlx0BT2xk8Fnl5Dfo3Q8RL2QFgI2TDENdlc6l390pzadxGoSnOTHKqCM4sbtZMcwC2nmtN9MRwKhdDbSylTaIlTGS6K1PLJC7NE4hwNxray9S6FfSCWNjpMZcSzRrZzuPFeaiMHcaKVsItoT5J9d2GG7xdPpinnjqIWywva+NwuHNNwQpF4f0L6V1GBVLYJ3OkoXO1Yfud4XtNFVRVlMyeneHxvF2uHELbGSktRy5wcHjJ0qEK5QEiVCAEKEIQAISJQgAS3QhABdMkkbG0ucbAJy5jpfiQp6cxMdYkaqkpcVpMVyeHI/SL0oc/NRUr8rSO0QdwvNc7nOu4k32VjFKl1RWvlJvmOip3PzWSc21p1KKkuhXuvpYWSxxk7BNjbc961KWC52WNtyeHVhFQWsZT0pfbQ+S1qXDC63ZWjhVGCRcarpaaijABy2J5hbafGWazDf5T3Ec5HhQDdQlOGN4tC69tK0juTHUoA0AIWr8SMn5mziZ8NAvlHuWdPQlt7Bd9NSN17I8lmVlI0AmyTOhDYXtHCyU+Um4KjaMpXQ11MADYbLGliyu2WKcODN0ZqaGOYHNsu++jDHDTznDaiQlkhvFfgeS4QDs2UlDK+CrimiNnscHA94WiqeMweRVyTPooahKq1BO2po4ZmatkYHjwIurK2nKEQhCkAQhCAEG6UICUIAEIQVADJnZIyeQXlPTKtMn1hwN/uhek4zJ1dFIRyK8g6SvJpXWF7uF1m8iXpGmiPenFSgdYbe9IDqdyppBmcTZRxtudAs1jOrSizSx3tdblFG240WdRx7LdpItlWqPej7pdYbGHWaQVv0772NvBYtDCSdl0NDTkNF9106zlWk0Ra86WNt7KaSIFo30ToadsWjG2BNypXB2a1tDxunCDJqGW119VlVZ0IPFdJPCXNJAWHX0xN7BKmMgznKxrXXuLFYdSwg3C6KsgLTqsepjtdY7VptqlhlkG6dTjM8FPe2zu+6kpm5XX4XSoLstc+tPZOg8pk6PUwO7Ls9Dp7rLoFy30fuzYO88OsPwC6hdFHEl7FSI2QpIBCEIARKhCAFO6CiyEAZXSP/wAdLbexXkmP3NM+3AhewY0zPQSjuK8lxiMSxTRki9tuKxeR7TNfjnHPCWmju5PsC0FLCQ0m+/JLnHWdGqWGnRWJvlsBxW1TyxRgXdbxWPSwdY4ZXFultdQtKHo3NM29LKCb5iHNB1/orVVXFIz22Tb06DCq6lMgAkaTw1XXULmPaCLZSPevK4sExGgqLvcct/aDbLqcKxGWGzZHX7ynqSiJlFyO4DAbW4qTq2garMoKzrQNe+ymqJ8upKYpLNEOD3CZwYGnj4rMrGMPJU67ESxpDT2uC4/FZcQneXU80ubgAbKjkpDFFo38Qijyk3bdcxXNa1x1CIIcXfEevhkJse0NPmopYJpLtqY8p5folTr66HV2d9lCZmuinp2di/FD2ZQxoNwLC6nDMsI8VmhHsbdLo9P6BMy4E02AzPcfgPkulWR0WpzTYHSMcLEszHzN/mtdbEcqXsLIshCkgRCUoQAiVASoARKdkWQRooAysRxGlbngfIA8jkvEqoPfWyukeWSm72HgV3/SUOZiEneuC6RtywveNDG1zweSzSlyff8ADf48c/6YdOS6lhLtCW3071MyzO1w5poZkaxvBrQPcoZg9wytus9k8Z0Ka9NahrRciMOkLRmLWtLjbwC2cH6e4fDFIBHVOMYGdwhBDRe19+ZUPQmeLDGPZJTtkEntuOjj5qN3QqlrMWM9NmZTk5urNiR3eC1eO+tM3kLtpnbUmNR11OyQtvFILtJYW3HgVj4lK2KoIYLC9wt2ohLMPhpQyJkEIGRov8Vx9fI5zm5nXc3Qu5pl8siK8eOyOq6P1JdIASr2L1OQ6FclhVSY3gjgVfxOrMmpSo2fDBs6vnpLTj6zOGk6Faj30VE27spI3J1subpKp0RcWi7iLN8VrikhqsNniqqcy9c0tLyblunJOq9CbvZNLj1BJARFNE521usbf4rBq6qKVziDYlckOhOIOrY6eRwjog8vD3DRt9OGvBdD0mw6joYYBg73ufG0MeDfK+wtfXiotfWhVFJ4UJmHrSWuIF1eomNmngjleGRF/bcTYBo1J9FnU7nOjGYWcrcDGvaOsFwDdZ4PsdbHUenYP0mpa2rbTQxPY06Mc62vkukGoC8v6KN6zG6VxGxJAXqAGgWqL1HNsjxeIXgkSlCsLEQlQgBAlCRCAHJDshISgg4rpnGG1LXcSF5z0jIbh9dm3MVh6hemdNGaRvK8z6TxZqKffVh81kbybN9PpGVIy8pVmmp7kGyhimjlmcAbuBsfRatKG9lJmlyOhW2ol+hgGmi6nDGCNubZYdHYAaLXieMoAOnctFT4iLVyDFqgmNzY3G50LlyNQCXEcF0WJOtGQFzNVLlzc1S6TYzx44XsPIzWV2t0DQsvDJDcGxIWhVyB7RYajklxfQyS7K8Te2Bz2XR4dM9rQHGxHPiFztO7M4LYjkOQADgm1zcRFkFLo0ayUPZvbiufrI2uJzXPir7pS7Q7KnVNzA3KLLNCuriZToQ3VqloWF8uUcTZEt22G6noOxIHgeyor7ZF3SOu6FUf9rfK8D7MFo9f+13C5zoYw/UpZXC2d5/X5ro7LWvRy7HsgSJUKRejUJUIJGpUiUIAUIKAhAGL0mpPrNA8tHabqvMMVpRUU8sLx7QIC9lmYHsc07ELzbpFQ/Vap44HULLfHPkjRRL+HmVFTSU5zPJzHR3iND8FsU0tuNlLisdhcDjqsyN2V3msy+zqVvejqKOUusL3HitujBfYBcvh0o0XW4KWvc25G3otFa0pZ0MxyNtJh7pXi7jo0HmuQjo5Kggm9idSuv6YyNmp42M1yG9gsahme+N3VNYXcGE2JVrYpvCKZuK028DwQzMDWAaBWMQwQwXuLaKrhWKy0xexwfE/YgqzVYjJUWDS5xt5qqhHjmdkOU+XvowJaV8Mgtte61IWCWEOANxYFV55nHJ1jA25tYnVauGAGkcBte9leEf4ROXemc+Mhyq1DCQVpVFrkXVCd2lrhZ5xHwkZ0jefNXcOhLjkGpcbAKvlGclxNiuu6LYI574qyU/ZjtMbzPNOpiZfJmkdVhNKKOhih4tGp7zuryaNAlWk5b7BCEKQEQhCAESpAlCCQslQhACFcd01hFmPHNdksDpVB1tC42vZLtWxZet5I8rxRt4jZc47R66vEI7seO5ctMCHlYIfR04POy/Qy2AFyujw+t6pu64+mfY3WvBLaK5PetFSZexo166q649oplFIGyiw48FRztLLlwueCs4cHOfe2m9+adw7Fc+jsYoYJ6dpnjBdwI3TiyGmjPUsAO19ys+F8vVNDGF9uRTxNNlPWRFnibJ/WGfvTMrpRJNcq3h9VkbusurYWP0OihilLXgXKQo4x7l0bNS8XJBCzp9dUyomIjzElUjUOLrJc49loT6L0DOtkY0ncr1jDYOoooY9srAF5v0VpTVYnCHC4BzHwGq9SaLBOgsRh8ifJipClQrmcRCChAAhCEAMCVIlCCRQlSIugBVTxKITUr2cwriY8XChrUCPJMSgMUr2ngbLkcSi6uY22Oq9M6Y0LoZuua3su3XnXSWXqIWSZbgGzrcBzXOzhZh0apcombGbFa1MC6DsXzb2voVjRua9oLSDxBB3WhSTFjLbLbBY+wk210XQ2dhAMVjzvdaNIXAdppN+YKo09brlfqNteC6TCaqnkI6wWvvZOST9FE3/AJDWPnLbxMNvBLnqDfMxxHeF08LaQx3Bv4ol+qti7R1sr4SnA4ypkefuOH+lZ8rpC6zYnX4EaLo8UmhaCIzrwKxHyhz+AvyVMRVv6InOJpxcEHkSoYG5pdNU+ofezQtLBIGOrIIn7yPAsFSS1kcuMTuOhGHGClNS8dp+jfDiupUcDGxxNYwANAsAFKrYY5PWIlRZCCBEIKEAIhCEANQEl0qCRUJEBACkoSEqriFW2kgdI4+A5lQBU6QU/wBaonRNF3u2C8g6f0cVEyCBswklcC54A0HDderwB88RdUE55dXC18reDR47rzb6W+rZUUYjGUdWbNA0Gu/eVM6Vx5P2XqsfNRR5nBUOoZA138B50P8AdPLwWzT1AJ0WXJE2aJ7JBdrhYqhQVL4JjSVDvtWeyT99vMJUZb0b5x4vf4deyW+2/NXqSolhcCx3kufp6pruOq1qGYGQC+iOXFl+HJGxLjdfCAIozIHHLoFIMWrHA9YLabW1WlhjqUt+0cwC3JMxR9M3sxEHhcJrl1olR7wyZKqR/t6JnW223Uc7m5jrooGyA22SlLWXlHEW2yAPMjycreas9H5XVGNwm/ZD7gErMlfeOw2CmwGpbT4gyRxa1rTclxt8FdPZJCJR+DZ7jh8/WQtBdmBF2u5j9VeCwMIfeljcD2Xm/wDK48fBy3I3ZmAp9kc7MEXo9CEXSi4hQhCAE4oSoQSRpU26AUAOQmF4CiklI9lWUGyrkkTOIC5zFWTVWIw5h/Z2G9ri7vJbBLiCTqeAUOpqC8nNkGl+J4e9XVX2Rz+hjgW6Aj7P2uTnn5D5LxH6RcRbiGPySMke5jB1TbnSwJ281670iqTQ4XM9jtRG8uI1NyN+79yvn+sJkrH3Oym6WRwd4sOUtEh3AVPG8OdVU4dCcs0ZzMdyKvRNsVfijD2Lm609R2sTjjOFpK6Wnc9tQxzZWjVo5dy36DFmklwcNDYg7tV2sweGqJE0YdfnuFTPRgFoYyVxbe9nBaozjP8AZGKVc6/0fRswYyHNZkcSOfNMdjYuMzzbYA8T/wBqnTdGJI4rfXBlGzbHQqRvRo/endlts0cVbIEcrCR2Lh9hlcCRc9xV3D2Pdd7+ALW+F73TaXBIoHXsXG97uWsyEMZYKja9Isk/ciu4aKpJxB2PBaEjVlYiS1nZ3GqrH2TJasPcejszTh1OHElsrWi9hY5r2Nx3jYrfhe4NF+O/jxXGdB2Ol6O03WkdZNELW01HbZ52J9F10ZzWdsXC5tz2K3tajjvplsPB7k66rOF9SASOXv8A1Sh+XY+qVKv6LKX2WEKJsoI1Ul7pbTRZMW6EiFBJXfKGi6hfP2Sb8CbAd9rJkYztaXm92scR4k/slYLlpO3Y/Mf2WmNaQtzbHslbrsLX1ueG6a82Nmi+2/fc29FG5oFgSLZRc927lMxhcxj5Blc4l5HLS3w0Vyo2O7Q57tdL25D90lOOywv4nMfIX/ROn9nKLAk28zonMH2Z72k+psPdZQByf0gtc3B2NY6wB7YHHZeKTRk1LyRuV7/0rozV0U8WXXWxPMAEBeLVlLknfYcVl8nTpeC1jRmMZZXqcbWQINLpYxlNljSOi2Wo47m6vRU1+/wKrwcFo05FhsnQM02I2m10aU50X+GytsASPsmCykYwDrqopdL2Vt3cqkvtWVWSiu8XCz30rqmdkbd3uAHmbLWbGTvstXothYq8Zizt7De158PfZEI6yZz4xbPRcGpBh+HwREBro2Nc4Dg5gDXeoK1S3JI9p0AcCPA6fFVdHOAuMzhseTmm49Wq3fO0OOpMfvGq3nHHDf3ef9XCZ2m59LgdtvhxCf8Ad5/1r7rFGvDXf9x5jVQgGE2J4768TpcJ4Ntiowwsc3W9smvuTbWjbbdrbf7XWQ1oaWBJzCFFb7otuWX8rhCo60W5DA3LlHIRM95/VJEOw0/yfnUh/iE/5hPk1v6hNj0DR+H8bppQjcA4d7rsHqQp3O19B5f1r6JjRrdwIILh5FxP9eKcb3vx/r+vIKGBGb5wQPZBdbv4Ky2MA5RsC1g8AFHCy79t3D3aqbXLm42c712QSVKoCenJ/vBx91l5F0hw99PicjHi1nG3gvZJGdWwDkxx94XNdK8GdXsDoGgzM0F9Mw1/RKthyQ/x7PxyPL/q9wNFWlhsb2WvVwTU0jo5o3McDYghVg3MeaxZjOqpatRFBFoCr0LLW0TqSE7EWV9tONExIU2V42kp7mE20VxkHgnmIeIUkaZMzC0FVoojJItOtj2DQlooHFzWsaS4ngN1DBfYyOkNtAul6I4e5ksspuBo1t+J3B9bLRwnBmxhr6xuvBhtbz1WzTRsLx1bQ2O4AsLaHX5LRXXnbMd1ykuKG0zB1sbv8wHyMZHxurdPa7b8HW9R+yiZEWPjzbh4FhwGQ6epunCZrG6izi1ptb7w4e5OMhI27QB4eo/f4pRwy6cviPmFC2qp5z9hK159uwOtipQb91/6Hv8AioJFlI6sZRftN9LqO2hHfKPeSpfaGmgOnhy9CmSWDcw4tc834EkA/NSA37w8WG/eBc+4ISj+IBw6xzf+NwhBAv8A+h99kNYXSWF9C0jvsP1UUE14g57HNIaSe8E/OynEhLg0NAtceikBCDyN+KaSB7RG17dyQFxtc29g6cLqNw7Jy8pfzhRgDnPfcgOytAI0HqfT4Jv2uYZ5NCWh1gOG/vspW264D/Mt/wACo2XMUZJ3YwnzH/SkCSnmNREHOtmALXgcCDqnvaQ5p2dpv/Nr7iqkeSmmlkeSGSXzcg69ifX5K87NpzGlz3j9QEEmViWFQYnAOujFyNHZSSPQricRwSXD5rOYXRn2X5SAfVelXa45i0OB1FxwTZ4IZ4XMfG/K7Q2NwlzrUh1dzh/o8v6vLsFKy/ALdxXB/q8hdCS6LhfcLObAQdQVlcWumbozUlqIAP6slOg2KudRpsmPhubAIxk6ipHCZXABpJK63AcGbTMEsjQ6Q8bAho5XPyUPR/D2gfWJI81j2b6NHeui7b9nf7Bt5laK687Zjut34oa+JgFnvsP7t/kkp4xG9rBtmAFxyaE+NoYDksOZB+JKZleTmG93ZT/psnGUfC3tjjaQfl/dMIvPfjnd7h+6kILdjq57CT6fomDcHueUAZ9XQsqI2uBLJWxx5ZG6OGqfDUPje2GsADnOcxkg9l9r78irRHY/9bPilc0Pe1rgCDK9pB72lAD+Oul9Lp0gux122JBNvHf3qnA10EbWtJdGGXyHhrbQq2JmXIfpa4N+5QSRDSQaa5m+uVCmcG547anPqf8AQQEIIIS3tFvIsj9NfmkB+zc4b9W4+p/ZP+8Tx6x59AQE1v8AD/0xj/kpAe4fagDYPaPQKM/wr/5bz6uCeD9qPxHH3Jg/gj8FvxQA4C0w/F/+hUbR9kz+RnxU/wD8w/FP5Soh/Cb+GPzBAA5ocLEbukb7yUMc9gs0gglpGbgSP1UlvtB+K78qZ9w/yNPo5ABHNZoD2Fg0GmoU4sddPH9x81C8AF9uBd8AfinsGV4y3beQ3t3tv8UAOkjzsIIcWnho8fqsSvwwXLoGtI4hvDyWy15OW4BJF7+adPo0X7Q71Eopl4zcXqOSdHYWsFcw2g66TPK0dWDx2J5W4q1iVOxk7Q2/bsStanjawZG7NsPFLjDsdO14K1obYNG3dc/oE/ITuP8Aeb+4aJKiQwsGQDzUed7nC7zbrA3TTSyaZyxZrDdxue/5BRPlJOZmgADhfjdMAswHjlfqh2gcP8LPmggcdZP/AGj8qjHsj+R/xUg9tv4p/KUwC0Z/Cd81ACvb2XD/AAM+KUWEg/Fcf+JTne24fyBNPP8AEPwUgRH2ARxDfe66Za5cTyk/OpQB2fFg9yS3Y/0yfmQAgAbI4tG8rCfMAISO+/4xH3hCAP/Z\" data-filename=\"73_new.jpeg\"></p><p>DVC Accademics<br></p></td><td><br></td></tr><tr><td style=\"text-align: center;\"><p><br><img style=\"width: 200px;\" src=\"data:image/jpeg;base64,/9j/4AAQSkZJRgABAQEASABIAAD/2wBDAAYEBQYFBAYGBQYHBwYIChAKCgkJChQODwwQFxQYGBcUFhYaHSUfGhsjHBYWICwgIyYnKSopGR8tMC0oMCUoKSj/2wBDAQcHBwoIChMKChMoGhYaKCgoKCgoKCgoKCgoKCgoKCgoKCgoKCgoKCgoKCgoKCgoKCgoKCgoKCgoKCgoKCgoKCj/wAARCAD8AMgDASIAAhEBAxEB/8QAHAAAAQUBAQEAAAAAAAAAAAAAAAECAwQFBgcI/8QAQhAAAQMCBAIHBAgDCAIDAAAAAQACAwQRBRIhMUFRBhMiYXGBkTKhscEHFCNCc7LR4TNy8CRSYmOCkqLxNYNDwuP/xAAZAQACAwEAAAAAAAAAAAAAAAAAAwECBAX/xAAkEQACAwACAgIDAAMAAAAAAAAAAQIDERIhBDEiURMyQUJxgf/aAAwDAQACEQMRAD8A+m0WQlCyDwCUJEqABCEBAAhBQgAsiwQSsjHMfoMGizVkwa4+ywauPkoA1ibKhiOL0OHMLqypiitwc7X0XlnSP6Ra2pD48NaKWLbMe08/ILzuvrausfnnlke52pLje6q5fQyNbfs9xqvpGwaF5bG6WXva2wUUX0k4S49pkzR3gLwcNfubpRK8AjVLduD14+n0lhnSzCMQIbDVsDz91/ZK3Gva8AtIIPEL5UZUyxgZXEO3XU9Gum+J4U9ret6yHjG/Vv7KVan7KS8dr0fQqCuV6M9M8PxoNjzCCqI/huO/geK6kG6anvoQ017HIKAkKkgEaoRZQAJE5IVIDUJUIAUJQmpwQAIQhAAhBQgASOcGtJdoBzTZpWRRufI4NaBckrybpz0xkrnS0WHyZKUGz3A6yd3gqtpFoxcniNzpb05jp2vp8JcJJBo6UatHhzXk+JVs9ZM+WaR73uOpcoXSFzrm9lGZLHS3es07zoU+J0MMZc2ztDe9yE5sYaNinAlx0BT2xk8Fnl5Dfo3Q8RL2QFgI2TDENdlc6l390pzadxGoSnOTHKqCM4sbtZMcwC2nmtN9MRwKhdDbSylTaIlTGS6K1PLJC7NE4hwNxray9S6FfSCWNjpMZcSzRrZzuPFeaiMHcaKVsItoT5J9d2GG7xdPpinnjqIWywva+NwuHNNwQpF4f0L6V1GBVLYJ3OkoXO1Yfud4XtNFVRVlMyeneHxvF2uHELbGSktRy5wcHjJ0qEK5QEiVCAEKEIQAISJQgAS3QhABdMkkbG0ucbAJy5jpfiQp6cxMdYkaqkpcVpMVyeHI/SL0oc/NRUr8rSO0QdwvNc7nOu4k32VjFKl1RWvlJvmOip3PzWSc21p1KKkuhXuvpYWSxxk7BNjbc961KWC52WNtyeHVhFQWsZT0pfbQ+S1qXDC63ZWjhVGCRcarpaaijABy2J5hbafGWazDf5T3Ec5HhQDdQlOGN4tC69tK0juTHUoA0AIWr8SMn5mziZ8NAvlHuWdPQlt7Bd9NSN17I8lmVlI0AmyTOhDYXtHCyU+Um4KjaMpXQ11MADYbLGliyu2WKcODN0ZqaGOYHNsu++jDHDTznDaiQlkhvFfgeS4QDs2UlDK+CrimiNnscHA94WiqeMweRVyTPooahKq1BO2po4ZmatkYHjwIurK2nKEQhCkAQhCAEG6UICUIAEIQVADJnZIyeQXlPTKtMn1hwN/uhek4zJ1dFIRyK8g6SvJpXWF7uF1m8iXpGmiPenFSgdYbe9IDqdyppBmcTZRxtudAs1jOrSizSx3tdblFG240WdRx7LdpItlWqPej7pdYbGHWaQVv0772NvBYtDCSdl0NDTkNF9106zlWk0Ra86WNt7KaSIFo30ToadsWjG2BNypXB2a1tDxunCDJqGW119VlVZ0IPFdJPCXNJAWHX0xN7BKmMgznKxrXXuLFYdSwg3C6KsgLTqsepjtdY7VptqlhlkG6dTjM8FPe2zu+6kpm5XX4XSoLstc+tPZOg8pk6PUwO7Ls9Dp7rLoFy30fuzYO88OsPwC6hdFHEl7FSI2QpIBCEIARKhCAFO6CiyEAZXSP/wAdLbexXkmP3NM+3AhewY0zPQSjuK8lxiMSxTRki9tuKxeR7TNfjnHPCWmju5PsC0FLCQ0m+/JLnHWdGqWGnRWJvlsBxW1TyxRgXdbxWPSwdY4ZXFultdQtKHo3NM29LKCb5iHNB1/orVVXFIz22Tb06DCq6lMgAkaTw1XXULmPaCLZSPevK4sExGgqLvcct/aDbLqcKxGWGzZHX7ynqSiJlFyO4DAbW4qTq2garMoKzrQNe+ymqJ8upKYpLNEOD3CZwYGnj4rMrGMPJU67ESxpDT2uC4/FZcQneXU80ubgAbKjkpDFFo38Qijyk3bdcxXNa1x1CIIcXfEevhkJse0NPmopYJpLtqY8p5folTr66HV2d9lCZmuinp2di/FD2ZQxoNwLC6nDMsI8VmhHsbdLo9P6BMy4E02AzPcfgPkulWR0WpzTYHSMcLEszHzN/mtdbEcqXsLIshCkgRCUoQAiVASoARKdkWQRooAysRxGlbngfIA8jkvEqoPfWyukeWSm72HgV3/SUOZiEneuC6RtywveNDG1zweSzSlyff8ADf48c/6YdOS6lhLtCW3071MyzO1w5poZkaxvBrQPcoZg9wytus9k8Z0Ka9NahrRciMOkLRmLWtLjbwC2cH6e4fDFIBHVOMYGdwhBDRe19+ZUPQmeLDGPZJTtkEntuOjj5qN3QqlrMWM9NmZTk5urNiR3eC1eO+tM3kLtpnbUmNR11OyQtvFILtJYW3HgVj4lK2KoIYLC9wt2ohLMPhpQyJkEIGRov8Vx9fI5zm5nXc3Qu5pl8siK8eOyOq6P1JdIASr2L1OQ6FclhVSY3gjgVfxOrMmpSo2fDBs6vnpLTj6zOGk6Faj30VE27spI3J1subpKp0RcWi7iLN8VrikhqsNniqqcy9c0tLyblunJOq9CbvZNLj1BJARFNE521usbf4rBq6qKVziDYlckOhOIOrY6eRwjog8vD3DRt9OGvBdD0mw6joYYBg73ufG0MeDfK+wtfXiotfWhVFJ4UJmHrSWuIF1eomNmngjleGRF/bcTYBo1J9FnU7nOjGYWcrcDGvaOsFwDdZ4PsdbHUenYP0mpa2rbTQxPY06Mc62vkukGoC8v6KN6zG6VxGxJAXqAGgWqL1HNsjxeIXgkSlCsLEQlQgBAlCRCAHJDshISgg4rpnGG1LXcSF5z0jIbh9dm3MVh6hemdNGaRvK8z6TxZqKffVh81kbybN9PpGVIy8pVmmp7kGyhimjlmcAbuBsfRatKG9lJmlyOhW2ol+hgGmi6nDGCNubZYdHYAaLXieMoAOnctFT4iLVyDFqgmNzY3G50LlyNQCXEcF0WJOtGQFzNVLlzc1S6TYzx44XsPIzWV2t0DQsvDJDcGxIWhVyB7RYajklxfQyS7K8Te2Bz2XR4dM9rQHGxHPiFztO7M4LYjkOQADgm1zcRFkFLo0ayUPZvbiufrI2uJzXPir7pS7Q7KnVNzA3KLLNCuriZToQ3VqloWF8uUcTZEt22G6noOxIHgeyor7ZF3SOu6FUf9rfK8D7MFo9f+13C5zoYw/UpZXC2d5/X5ro7LWvRy7HsgSJUKRejUJUIJGpUiUIAUIKAhAGL0mpPrNA8tHabqvMMVpRUU8sLx7QIC9lmYHsc07ELzbpFQ/Vap44HULLfHPkjRRL+HmVFTSU5zPJzHR3iND8FsU0tuNlLisdhcDjqsyN2V3msy+zqVvejqKOUusL3HitujBfYBcvh0o0XW4KWvc25G3otFa0pZ0MxyNtJh7pXi7jo0HmuQjo5Kggm9idSuv6YyNmp42M1yG9gsahme+N3VNYXcGE2JVrYpvCKZuK028DwQzMDWAaBWMQwQwXuLaKrhWKy0xexwfE/YgqzVYjJUWDS5xt5qqhHjmdkOU+XvowJaV8Mgtte61IWCWEOANxYFV55nHJ1jA25tYnVauGAGkcBte9leEf4ROXemc+Mhyq1DCQVpVFrkXVCd2lrhZ5xHwkZ0jefNXcOhLjkGpcbAKvlGclxNiuu6LYI574qyU/ZjtMbzPNOpiZfJmkdVhNKKOhih4tGp7zuryaNAlWk5b7BCEKQEQhCAESpAlCCQslQhACFcd01hFmPHNdksDpVB1tC42vZLtWxZet5I8rxRt4jZc47R66vEI7seO5ctMCHlYIfR04POy/Qy2AFyujw+t6pu64+mfY3WvBLaK5PetFSZexo166q649oplFIGyiw48FRztLLlwueCs4cHOfe2m9+adw7Fc+jsYoYJ6dpnjBdwI3TiyGmjPUsAO19ys+F8vVNDGF9uRTxNNlPWRFnibJ/WGfvTMrpRJNcq3h9VkbusurYWP0OihilLXgXKQo4x7l0bNS8XJBCzp9dUyomIjzElUjUOLrJc49loT6L0DOtkY0ncr1jDYOoooY9srAF5v0VpTVYnCHC4BzHwGq9SaLBOgsRh8ifJipClQrmcRCChAAhCEAMCVIlCCRQlSIugBVTxKITUr2cwriY8XChrUCPJMSgMUr2ngbLkcSi6uY22Oq9M6Y0LoZuua3su3XnXSWXqIWSZbgGzrcBzXOzhZh0apcombGbFa1MC6DsXzb2voVjRua9oLSDxBB3WhSTFjLbLbBY+wk210XQ2dhAMVjzvdaNIXAdppN+YKo09brlfqNteC6TCaqnkI6wWvvZOST9FE3/AJDWPnLbxMNvBLnqDfMxxHeF08LaQx3Bv4ol+qti7R1sr4SnA4ypkefuOH+lZ8rpC6zYnX4EaLo8UmhaCIzrwKxHyhz+AvyVMRVv6InOJpxcEHkSoYG5pdNU+ofezQtLBIGOrIIn7yPAsFSS1kcuMTuOhGHGClNS8dp+jfDiupUcDGxxNYwANAsAFKrYY5PWIlRZCCBEIKEAIhCEANQEl0qCRUJEBACkoSEqriFW2kgdI4+A5lQBU6QU/wBaonRNF3u2C8g6f0cVEyCBswklcC54A0HDderwB88RdUE55dXC18reDR47rzb6W+rZUUYjGUdWbNA0Gu/eVM6Vx5P2XqsfNRR5nBUOoZA138B50P8AdPLwWzT1AJ0WXJE2aJ7JBdrhYqhQVL4JjSVDvtWeyT99vMJUZb0b5x4vf4deyW+2/NXqSolhcCx3kufp6pruOq1qGYGQC+iOXFl+HJGxLjdfCAIozIHHLoFIMWrHA9YLabW1WlhjqUt+0cwC3JMxR9M3sxEHhcJrl1olR7wyZKqR/t6JnW223Uc7m5jrooGyA22SlLWXlHEW2yAPMjycreas9H5XVGNwm/ZD7gErMlfeOw2CmwGpbT4gyRxa1rTclxt8FdPZJCJR+DZ7jh8/WQtBdmBF2u5j9VeCwMIfeljcD2Xm/wDK48fBy3I3ZmAp9kc7MEXo9CEXSi4hQhCAE4oSoQSRpU26AUAOQmF4CiklI9lWUGyrkkTOIC5zFWTVWIw5h/Z2G9ri7vJbBLiCTqeAUOpqC8nNkGl+J4e9XVX2Rz+hjgW6Aj7P2uTnn5D5LxH6RcRbiGPySMke5jB1TbnSwJ281670iqTQ4XM9jtRG8uI1NyN+79yvn+sJkrH3Oym6WRwd4sOUtEh3AVPG8OdVU4dCcs0ZzMdyKvRNsVfijD2Lm609R2sTjjOFpK6Wnc9tQxzZWjVo5dy36DFmklwcNDYg7tV2sweGqJE0YdfnuFTPRgFoYyVxbe9nBaozjP8AZGKVc6/0fRswYyHNZkcSOfNMdjYuMzzbYA8T/wBqnTdGJI4rfXBlGzbHQqRvRo/endlts0cVbIEcrCR2Lh9hlcCRc9xV3D2Pdd7+ALW+F73TaXBIoHXsXG97uWsyEMZYKja9Isk/ciu4aKpJxB2PBaEjVlYiS1nZ3GqrH2TJasPcejszTh1OHElsrWi9hY5r2Nx3jYrfhe4NF+O/jxXGdB2Ol6O03WkdZNELW01HbZ52J9F10ZzWdsXC5tz2K3tajjvplsPB7k66rOF9SASOXv8A1Sh+XY+qVKv6LKX2WEKJsoI1Ul7pbTRZMW6EiFBJXfKGi6hfP2Sb8CbAd9rJkYztaXm92scR4k/slYLlpO3Y/Mf2WmNaQtzbHslbrsLX1ueG6a82Nmi+2/fc29FG5oFgSLZRc927lMxhcxj5Blc4l5HLS3w0Vyo2O7Q57tdL25D90lOOywv4nMfIX/ROn9nKLAk28zonMH2Z72k+psPdZQByf0gtc3B2NY6wB7YHHZeKTRk1LyRuV7/0rozV0U8WXXWxPMAEBeLVlLknfYcVl8nTpeC1jRmMZZXqcbWQINLpYxlNljSOi2Wo47m6vRU1+/wKrwcFo05FhsnQM02I2m10aU50X+GytsASPsmCykYwDrqopdL2Vt3cqkvtWVWSiu8XCz30rqmdkbd3uAHmbLWbGTvstXothYq8Zizt7De158PfZEI6yZz4xbPRcGpBh+HwREBro2Nc4Dg5gDXeoK1S3JI9p0AcCPA6fFVdHOAuMzhseTmm49Wq3fO0OOpMfvGq3nHHDf3ef9XCZ2m59LgdtvhxCf8Ad5/1r7rFGvDXf9x5jVQgGE2J4768TpcJ4Ntiowwsc3W9smvuTbWjbbdrbf7XWQ1oaWBJzCFFb7otuWX8rhCo60W5DA3LlHIRM95/VJEOw0/yfnUh/iE/5hPk1v6hNj0DR+H8bppQjcA4d7rsHqQp3O19B5f1r6JjRrdwIILh5FxP9eKcb3vx/r+vIKGBGb5wQPZBdbv4Ky2MA5RsC1g8AFHCy79t3D3aqbXLm42c712QSVKoCenJ/vBx91l5F0hw99PicjHi1nG3gvZJGdWwDkxx94XNdK8GdXsDoGgzM0F9Mw1/RKthyQ/x7PxyPL/q9wNFWlhsb2WvVwTU0jo5o3McDYghVg3MeaxZjOqpatRFBFoCr0LLW0TqSE7EWV9tONExIU2V42kp7mE20VxkHgnmIeIUkaZMzC0FVoojJItOtj2DQlooHFzWsaS4ngN1DBfYyOkNtAul6I4e5ksspuBo1t+J3B9bLRwnBmxhr6xuvBhtbz1WzTRsLx1bQ2O4AsLaHX5LRXXnbMd1ykuKG0zB1sbv8wHyMZHxurdPa7b8HW9R+yiZEWPjzbh4FhwGQ6epunCZrG6izi1ptb7w4e5OMhI27QB4eo/f4pRwy6cviPmFC2qp5z9hK159uwOtipQb91/6Hv8AioJFlI6sZRftN9LqO2hHfKPeSpfaGmgOnhy9CmSWDcw4tc834EkA/NSA37w8WG/eBc+4ISj+IBw6xzf+NwhBAv8A+h99kNYXSWF9C0jvsP1UUE14g57HNIaSe8E/OynEhLg0NAtceikBCDyN+KaSB7RG17dyQFxtc29g6cLqNw7Jy8pfzhRgDnPfcgOytAI0HqfT4Jv2uYZ5NCWh1gOG/vspW264D/Mt/wACo2XMUZJ3YwnzH/SkCSnmNREHOtmALXgcCDqnvaQ5p2dpv/Nr7iqkeSmmlkeSGSXzcg69ifX5K87NpzGlz3j9QEEmViWFQYnAOujFyNHZSSPQricRwSXD5rOYXRn2X5SAfVelXa45i0OB1FxwTZ4IZ4XMfG/K7Q2NwlzrUh1dzh/o8v6vLsFKy/ALdxXB/q8hdCS6LhfcLObAQdQVlcWumbozUlqIAP6slOg2KudRpsmPhubAIxk6ipHCZXABpJK63AcGbTMEsjQ6Q8bAho5XPyUPR/D2gfWJI81j2b6NHeui7b9nf7Bt5laK687Zjut34oa+JgFnvsP7t/kkp4xG9rBtmAFxyaE+NoYDksOZB+JKZleTmG93ZT/psnGUfC3tjjaQfl/dMIvPfjnd7h+6kILdjq57CT6fomDcHueUAZ9XQsqI2uBLJWxx5ZG6OGqfDUPje2GsADnOcxkg9l9r78irRHY/9bPilc0Pe1rgCDK9pB72lAD+Oul9Lp0gux122JBNvHf3qnA10EbWtJdGGXyHhrbQq2JmXIfpa4N+5QSRDSQaa5m+uVCmcG547anPqf8AQQEIIIS3tFvIsj9NfmkB+zc4b9W4+p/ZP+8Tx6x59AQE1v8AD/0xj/kpAe4fagDYPaPQKM/wr/5bz6uCeD9qPxHH3Jg/gj8FvxQA4C0w/F/+hUbR9kz+RnxU/wD8w/FP5Soh/Cb+GPzBAA5ocLEbukb7yUMc9gs0gglpGbgSP1UlvtB+K78qZ9w/yNPo5ABHNZoD2Fg0GmoU4sddPH9x81C8AF9uBd8AfinsGV4y3beQ3t3tv8UAOkjzsIIcWnho8fqsSvwwXLoGtI4hvDyWy15OW4BJF7+adPo0X7Q71Eopl4zcXqOSdHYWsFcw2g66TPK0dWDx2J5W4q1iVOxk7Q2/bsStanjawZG7NsPFLjDsdO14K1obYNG3dc/oE/ITuP8Aeb+4aJKiQwsGQDzUed7nC7zbrA3TTSyaZyxZrDdxue/5BRPlJOZmgADhfjdMAswHjlfqh2gcP8LPmggcdZP/AGj8qjHsj+R/xUg9tv4p/KUwC0Z/Cd81ACvb2XD/AAM+KUWEg/Fcf+JTne24fyBNPP8AEPwUgRH2ARxDfe66Za5cTyk/OpQB2fFg9yS3Y/0yfmQAgAbI4tG8rCfMAISO+/4xH3hCAP/Z\" data-filename=\"73_new.jpeg\"></p><p>Registrar<br></p></td><td><br></td><td style=\"text-align: center;\"><p><br><img style=\"width: 200px;\" src=\"data:image/jpeg;base64,/9j/4AAQSkZJRgABAQEASABIAAD/2wBDAAYEBQYFBAYGBQYHBwYIChAKCgkJChQODwwQFxQYGBcUFhYaHSUfGhsjHBYWICwgIyYnKSopGR8tMC0oMCUoKSj/2wBDAQcHBwoIChMKChMoGhYaKCgoKCgoKCgoKCgoKCgoKCgoKCgoKCgoKCgoKCgoKCgoKCgoKCgoKCgoKCgoKCgoKCj/wAARCAD8AMgDASIAAhEBAxEB/8QAHAAAAQUBAQEAAAAAAAAAAAAAAAECAwQFBgcI/8QAQhAAAQMCBAIHBAgDCAIDAAAAAQACAwQRBRIhMUFRBhMiYXGBkTKhscEHFCNCc7LR4TNy8CRSYmOCkqLxNYNDwuP/xAAZAQACAwEAAAAAAAAAAAAAAAAAAwECBAX/xAAkEQACAwACAgIDAAMAAAAAAAAAAQIDERIhBDEiURMyQUJxgf/aAAwDAQACEQMRAD8A+m0WQlCyDwCUJEqABCEBAAhBQgAsiwQSsjHMfoMGizVkwa4+ywauPkoA1ibKhiOL0OHMLqypiitwc7X0XlnSP6Ra2pD48NaKWLbMe08/ILzuvrausfnnlke52pLje6q5fQyNbfs9xqvpGwaF5bG6WXva2wUUX0k4S49pkzR3gLwcNfubpRK8AjVLduD14+n0lhnSzCMQIbDVsDz91/ZK3Gva8AtIIPEL5UZUyxgZXEO3XU9Gum+J4U9ret6yHjG/Vv7KVan7KS8dr0fQqCuV6M9M8PxoNjzCCqI/huO/geK6kG6anvoQ017HIKAkKkgEaoRZQAJE5IVIDUJUIAUJQmpwQAIQhAAhBQgASOcGtJdoBzTZpWRRufI4NaBckrybpz0xkrnS0WHyZKUGz3A6yd3gqtpFoxcniNzpb05jp2vp8JcJJBo6UatHhzXk+JVs9ZM+WaR73uOpcoXSFzrm9lGZLHS3es07zoU+J0MMZc2ztDe9yE5sYaNinAlx0BT2xk8Fnl5Dfo3Q8RL2QFgI2TDENdlc6l390pzadxGoSnOTHKqCM4sbtZMcwC2nmtN9MRwKhdDbSylTaIlTGS6K1PLJC7NE4hwNxray9S6FfSCWNjpMZcSzRrZzuPFeaiMHcaKVsItoT5J9d2GG7xdPpinnjqIWywva+NwuHNNwQpF4f0L6V1GBVLYJ3OkoXO1Yfud4XtNFVRVlMyeneHxvF2uHELbGSktRy5wcHjJ0qEK5QEiVCAEKEIQAISJQgAS3QhABdMkkbG0ucbAJy5jpfiQp6cxMdYkaqkpcVpMVyeHI/SL0oc/NRUr8rSO0QdwvNc7nOu4k32VjFKl1RWvlJvmOip3PzWSc21p1KKkuhXuvpYWSxxk7BNjbc961KWC52WNtyeHVhFQWsZT0pfbQ+S1qXDC63ZWjhVGCRcarpaaijABy2J5hbafGWazDf5T3Ec5HhQDdQlOGN4tC69tK0juTHUoA0AIWr8SMn5mziZ8NAvlHuWdPQlt7Bd9NSN17I8lmVlI0AmyTOhDYXtHCyU+Um4KjaMpXQ11MADYbLGliyu2WKcODN0ZqaGOYHNsu++jDHDTznDaiQlkhvFfgeS4QDs2UlDK+CrimiNnscHA94WiqeMweRVyTPooahKq1BO2po4ZmatkYHjwIurK2nKEQhCkAQhCAEG6UICUIAEIQVADJnZIyeQXlPTKtMn1hwN/uhek4zJ1dFIRyK8g6SvJpXWF7uF1m8iXpGmiPenFSgdYbe9IDqdyppBmcTZRxtudAs1jOrSizSx3tdblFG240WdRx7LdpItlWqPej7pdYbGHWaQVv0772NvBYtDCSdl0NDTkNF9106zlWk0Ra86WNt7KaSIFo30ToadsWjG2BNypXB2a1tDxunCDJqGW119VlVZ0IPFdJPCXNJAWHX0xN7BKmMgznKxrXXuLFYdSwg3C6KsgLTqsepjtdY7VptqlhlkG6dTjM8FPe2zu+6kpm5XX4XSoLstc+tPZOg8pk6PUwO7Ls9Dp7rLoFy30fuzYO88OsPwC6hdFHEl7FSI2QpIBCEIARKhCAFO6CiyEAZXSP/wAdLbexXkmP3NM+3AhewY0zPQSjuK8lxiMSxTRki9tuKxeR7TNfjnHPCWmju5PsC0FLCQ0m+/JLnHWdGqWGnRWJvlsBxW1TyxRgXdbxWPSwdY4ZXFultdQtKHo3NM29LKCb5iHNB1/orVVXFIz22Tb06DCq6lMgAkaTw1XXULmPaCLZSPevK4sExGgqLvcct/aDbLqcKxGWGzZHX7ynqSiJlFyO4DAbW4qTq2garMoKzrQNe+ymqJ8upKYpLNEOD3CZwYGnj4rMrGMPJU67ESxpDT2uC4/FZcQneXU80ubgAbKjkpDFFo38Qijyk3bdcxXNa1x1CIIcXfEevhkJse0NPmopYJpLtqY8p5folTr66HV2d9lCZmuinp2di/FD2ZQxoNwLC6nDMsI8VmhHsbdLo9P6BMy4E02AzPcfgPkulWR0WpzTYHSMcLEszHzN/mtdbEcqXsLIshCkgRCUoQAiVASoARKdkWQRooAysRxGlbngfIA8jkvEqoPfWyukeWSm72HgV3/SUOZiEneuC6RtywveNDG1zweSzSlyff8ADf48c/6YdOS6lhLtCW3071MyzO1w5poZkaxvBrQPcoZg9wytus9k8Z0Ka9NahrRciMOkLRmLWtLjbwC2cH6e4fDFIBHVOMYGdwhBDRe19+ZUPQmeLDGPZJTtkEntuOjj5qN3QqlrMWM9NmZTk5urNiR3eC1eO+tM3kLtpnbUmNR11OyQtvFILtJYW3HgVj4lK2KoIYLC9wt2ohLMPhpQyJkEIGRov8Vx9fI5zm5nXc3Qu5pl8siK8eOyOq6P1JdIASr2L1OQ6FclhVSY3gjgVfxOrMmpSo2fDBs6vnpLTj6zOGk6Faj30VE27spI3J1subpKp0RcWi7iLN8VrikhqsNniqqcy9c0tLyblunJOq9CbvZNLj1BJARFNE521usbf4rBq6qKVziDYlckOhOIOrY6eRwjog8vD3DRt9OGvBdD0mw6joYYBg73ufG0MeDfK+wtfXiotfWhVFJ4UJmHrSWuIF1eomNmngjleGRF/bcTYBo1J9FnU7nOjGYWcrcDGvaOsFwDdZ4PsdbHUenYP0mpa2rbTQxPY06Mc62vkukGoC8v6KN6zG6VxGxJAXqAGgWqL1HNsjxeIXgkSlCsLEQlQgBAlCRCAHJDshISgg4rpnGG1LXcSF5z0jIbh9dm3MVh6hemdNGaRvK8z6TxZqKffVh81kbybN9PpGVIy8pVmmp7kGyhimjlmcAbuBsfRatKG9lJmlyOhW2ol+hgGmi6nDGCNubZYdHYAaLXieMoAOnctFT4iLVyDFqgmNzY3G50LlyNQCXEcF0WJOtGQFzNVLlzc1S6TYzx44XsPIzWV2t0DQsvDJDcGxIWhVyB7RYajklxfQyS7K8Te2Bz2XR4dM9rQHGxHPiFztO7M4LYjkOQADgm1zcRFkFLo0ayUPZvbiufrI2uJzXPir7pS7Q7KnVNzA3KLLNCuriZToQ3VqloWF8uUcTZEt22G6noOxIHgeyor7ZF3SOu6FUf9rfK8D7MFo9f+13C5zoYw/UpZXC2d5/X5ro7LWvRy7HsgSJUKRejUJUIJGpUiUIAUIKAhAGL0mpPrNA8tHabqvMMVpRUU8sLx7QIC9lmYHsc07ELzbpFQ/Vap44HULLfHPkjRRL+HmVFTSU5zPJzHR3iND8FsU0tuNlLisdhcDjqsyN2V3msy+zqVvejqKOUusL3HitujBfYBcvh0o0XW4KWvc25G3otFa0pZ0MxyNtJh7pXi7jo0HmuQjo5Kggm9idSuv6YyNmp42M1yG9gsahme+N3VNYXcGE2JVrYpvCKZuK028DwQzMDWAaBWMQwQwXuLaKrhWKy0xexwfE/YgqzVYjJUWDS5xt5qqhHjmdkOU+XvowJaV8Mgtte61IWCWEOANxYFV55nHJ1jA25tYnVauGAGkcBte9leEf4ROXemc+Mhyq1DCQVpVFrkXVCd2lrhZ5xHwkZ0jefNXcOhLjkGpcbAKvlGclxNiuu6LYI574qyU/ZjtMbzPNOpiZfJmkdVhNKKOhih4tGp7zuryaNAlWk5b7BCEKQEQhCAESpAlCCQslQhACFcd01hFmPHNdksDpVB1tC42vZLtWxZet5I8rxRt4jZc47R66vEI7seO5ctMCHlYIfR04POy/Qy2AFyujw+t6pu64+mfY3WvBLaK5PetFSZexo166q649oplFIGyiw48FRztLLlwueCs4cHOfe2m9+adw7Fc+jsYoYJ6dpnjBdwI3TiyGmjPUsAO19ys+F8vVNDGF9uRTxNNlPWRFnibJ/WGfvTMrpRJNcq3h9VkbusurYWP0OihilLXgXKQo4x7l0bNS8XJBCzp9dUyomIjzElUjUOLrJc49loT6L0DOtkY0ncr1jDYOoooY9srAF5v0VpTVYnCHC4BzHwGq9SaLBOgsRh8ifJipClQrmcRCChAAhCEAMCVIlCCRQlSIugBVTxKITUr2cwriY8XChrUCPJMSgMUr2ngbLkcSi6uY22Oq9M6Y0LoZuua3su3XnXSWXqIWSZbgGzrcBzXOzhZh0apcombGbFa1MC6DsXzb2voVjRua9oLSDxBB3WhSTFjLbLbBY+wk210XQ2dhAMVjzvdaNIXAdppN+YKo09brlfqNteC6TCaqnkI6wWvvZOST9FE3/AJDWPnLbxMNvBLnqDfMxxHeF08LaQx3Bv4ol+qti7R1sr4SnA4ypkefuOH+lZ8rpC6zYnX4EaLo8UmhaCIzrwKxHyhz+AvyVMRVv6InOJpxcEHkSoYG5pdNU+ofezQtLBIGOrIIn7yPAsFSS1kcuMTuOhGHGClNS8dp+jfDiupUcDGxxNYwANAsAFKrYY5PWIlRZCCBEIKEAIhCEANQEl0qCRUJEBACkoSEqriFW2kgdI4+A5lQBU6QU/wBaonRNF3u2C8g6f0cVEyCBswklcC54A0HDderwB88RdUE55dXC18reDR47rzb6W+rZUUYjGUdWbNA0Gu/eVM6Vx5P2XqsfNRR5nBUOoZA138B50P8AdPLwWzT1AJ0WXJE2aJ7JBdrhYqhQVL4JjSVDvtWeyT99vMJUZb0b5x4vf4deyW+2/NXqSolhcCx3kufp6pruOq1qGYGQC+iOXFl+HJGxLjdfCAIozIHHLoFIMWrHA9YLabW1WlhjqUt+0cwC3JMxR9M3sxEHhcJrl1olR7wyZKqR/t6JnW223Uc7m5jrooGyA22SlLWXlHEW2yAPMjycreas9H5XVGNwm/ZD7gErMlfeOw2CmwGpbT4gyRxa1rTclxt8FdPZJCJR+DZ7jh8/WQtBdmBF2u5j9VeCwMIfeljcD2Xm/wDK48fBy3I3ZmAp9kc7MEXo9CEXSi4hQhCAE4oSoQSRpU26AUAOQmF4CiklI9lWUGyrkkTOIC5zFWTVWIw5h/Z2G9ri7vJbBLiCTqeAUOpqC8nNkGl+J4e9XVX2Rz+hjgW6Aj7P2uTnn5D5LxH6RcRbiGPySMke5jB1TbnSwJ281670iqTQ4XM9jtRG8uI1NyN+79yvn+sJkrH3Oym6WRwd4sOUtEh3AVPG8OdVU4dCcs0ZzMdyKvRNsVfijD2Lm609R2sTjjOFpK6Wnc9tQxzZWjVo5dy36DFmklwcNDYg7tV2sweGqJE0YdfnuFTPRgFoYyVxbe9nBaozjP8AZGKVc6/0fRswYyHNZkcSOfNMdjYuMzzbYA8T/wBqnTdGJI4rfXBlGzbHQqRvRo/endlts0cVbIEcrCR2Lh9hlcCRc9xV3D2Pdd7+ALW+F73TaXBIoHXsXG97uWsyEMZYKja9Isk/ciu4aKpJxB2PBaEjVlYiS1nZ3GqrH2TJasPcejszTh1OHElsrWi9hY5r2Nx3jYrfhe4NF+O/jxXGdB2Ol6O03WkdZNELW01HbZ52J9F10ZzWdsXC5tz2K3tajjvplsPB7k66rOF9SASOXv8A1Sh+XY+qVKv6LKX2WEKJsoI1Ul7pbTRZMW6EiFBJXfKGi6hfP2Sb8CbAd9rJkYztaXm92scR4k/slYLlpO3Y/Mf2WmNaQtzbHslbrsLX1ueG6a82Nmi+2/fc29FG5oFgSLZRc927lMxhcxj5Blc4l5HLS3w0Vyo2O7Q57tdL25D90lOOywv4nMfIX/ROn9nKLAk28zonMH2Z72k+psPdZQByf0gtc3B2NY6wB7YHHZeKTRk1LyRuV7/0rozV0U8WXXWxPMAEBeLVlLknfYcVl8nTpeC1jRmMZZXqcbWQINLpYxlNljSOi2Wo47m6vRU1+/wKrwcFo05FhsnQM02I2m10aU50X+GytsASPsmCykYwDrqopdL2Vt3cqkvtWVWSiu8XCz30rqmdkbd3uAHmbLWbGTvstXothYq8Zizt7De158PfZEI6yZz4xbPRcGpBh+HwREBro2Nc4Dg5gDXeoK1S3JI9p0AcCPA6fFVdHOAuMzhseTmm49Wq3fO0OOpMfvGq3nHHDf3ef9XCZ2m59LgdtvhxCf8Ad5/1r7rFGvDXf9x5jVQgGE2J4768TpcJ4Ntiowwsc3W9smvuTbWjbbdrbf7XWQ1oaWBJzCFFb7otuWX8rhCo60W5DA3LlHIRM95/VJEOw0/yfnUh/iE/5hPk1v6hNj0DR+H8bppQjcA4d7rsHqQp3O19B5f1r6JjRrdwIILh5FxP9eKcb3vx/r+vIKGBGb5wQPZBdbv4Ky2MA5RsC1g8AFHCy79t3D3aqbXLm42c712QSVKoCenJ/vBx91l5F0hw99PicjHi1nG3gvZJGdWwDkxx94XNdK8GdXsDoGgzM0F9Mw1/RKthyQ/x7PxyPL/q9wNFWlhsb2WvVwTU0jo5o3McDYghVg3MeaxZjOqpatRFBFoCr0LLW0TqSE7EWV9tONExIU2V42kp7mE20VxkHgnmIeIUkaZMzC0FVoojJItOtj2DQlooHFzWsaS4ngN1DBfYyOkNtAul6I4e5ksspuBo1t+J3B9bLRwnBmxhr6xuvBhtbz1WzTRsLx1bQ2O4AsLaHX5LRXXnbMd1ykuKG0zB1sbv8wHyMZHxurdPa7b8HW9R+yiZEWPjzbh4FhwGQ6epunCZrG6izi1ptb7w4e5OMhI27QB4eo/f4pRwy6cviPmFC2qp5z9hK159uwOtipQb91/6Hv8AioJFlI6sZRftN9LqO2hHfKPeSpfaGmgOnhy9CmSWDcw4tc834EkA/NSA37w8WG/eBc+4ISj+IBw6xzf+NwhBAv8A+h99kNYXSWF9C0jvsP1UUE14g57HNIaSe8E/OynEhLg0NAtceikBCDyN+KaSB7RG17dyQFxtc29g6cLqNw7Jy8pfzhRgDnPfcgOytAI0HqfT4Jv2uYZ5NCWh1gOG/vspW264D/Mt/wACo2XMUZJ3YwnzH/SkCSnmNREHOtmALXgcCDqnvaQ5p2dpv/Nr7iqkeSmmlkeSGSXzcg69ifX5K87NpzGlz3j9QEEmViWFQYnAOujFyNHZSSPQricRwSXD5rOYXRn2X5SAfVelXa45i0OB1FxwTZ4IZ4XMfG/K7Q2NwlzrUh1dzh/o8v6vLsFKy/ALdxXB/q8hdCS6LhfcLObAQdQVlcWumbozUlqIAP6slOg2KudRpsmPhubAIxk6ipHCZXABpJK63AcGbTMEsjQ6Q8bAho5XPyUPR/D2gfWJI81j2b6NHeui7b9nf7Bt5laK687Zjut34oa+JgFnvsP7t/kkp4xG9rBtmAFxyaE+NoYDksOZB+JKZleTmG93ZT/psnGUfC3tjjaQfl/dMIvPfjnd7h+6kILdjq57CT6fomDcHueUAZ9XQsqI2uBLJWxx5ZG6OGqfDUPje2GsADnOcxkg9l9r78irRHY/9bPilc0Pe1rgCDK9pB72lAD+Oul9Lp0gux122JBNvHf3qnA10EbWtJdGGXyHhrbQq2JmXIfpa4N+5QSRDSQaa5m+uVCmcG547anPqf8AQQEIIIS3tFvIsj9NfmkB+zc4b9W4+p/ZP+8Tx6x59AQE1v8AD/0xj/kpAe4fagDYPaPQKM/wr/5bz6uCeD9qPxHH3Jg/gj8FvxQA4C0w/F/+hUbR9kz+RnxU/wD8w/FP5Soh/Cb+GPzBAA5ocLEbukb7yUMc9gs0gglpGbgSP1UlvtB+K78qZ9w/yNPo5ABHNZoD2Fg0GmoU4sddPH9x81C8AF9uBd8AfinsGV4y3beQ3t3tv8UAOkjzsIIcWnho8fqsSvwwXLoGtI4hvDyWy15OW4BJF7+adPo0X7Q71Eopl4zcXqOSdHYWsFcw2g66TPK0dWDx2J5W4q1iVOxk7Q2/bsStanjawZG7NsPFLjDsdO14K1obYNG3dc/oE/ITuP8Aeb+4aJKiQwsGQDzUed7nC7zbrA3TTSyaZyxZrDdxue/5BRPlJOZmgADhfjdMAswHjlfqh2gcP8LPmggcdZP/AGj8qjHsj+R/xUg9tv4p/KUwC0Z/Cd81ACvb2XD/AAM+KUWEg/Fcf+JTne24fyBNPP8AEPwUgRH2ARxDfe66Za5cTyk/OpQB2fFg9yS3Y/0yfmQAgAbI4tG8rCfMAISO+/4xH3hCAP/Z\" data-filename=\"73_new.jpeg\"></p><p>Bursar<br></p></td><td><br></td><td style=\"text-align: center;\"><p><br><img style=\"width: 200px;\" src=\"data:image/jpeg;base64,/9j/4AAQSkZJRgABAQEASABIAAD/2wBDAAYEBQYFBAYGBQYHBwYIChAKCgkJChQODwwQFxQYGBcUFhYaHSUfGhsjHBYWICwgIyYnKSopGR8tMC0oMCUoKSj/2wBDAQcHBwoIChMKChMoGhYaKCgoKCgoKCgoKCgoKCgoKCgoKCgoKCgoKCgoKCgoKCgoKCgoKCgoKCgoKCgoKCgoKCj/wAARCAD8AMgDASIAAhEBAxEB/8QAHAAAAQUBAQEAAAAAAAAAAAAAAAECAwQFBgcI/8QAQhAAAQMCBAIHBAgDCAIDAAAAAQACAwQRBRIhMUFRBhMiYXGBkTKhscEHFCNCc7LR4TNy8CRSYmOCkqLxNYNDwuP/xAAZAQACAwEAAAAAAAAAAAAAAAAAAwECBAX/xAAkEQACAwACAgIDAAMAAAAAAAAAAQIDERIhBDEiURMyQUJxgf/aAAwDAQACEQMRAD8A+m0WQlCyDwCUJEqABCEBAAhBQgAsiwQSsjHMfoMGizVkwa4+ywauPkoA1ibKhiOL0OHMLqypiitwc7X0XlnSP6Ra2pD48NaKWLbMe08/ILzuvrausfnnlke52pLje6q5fQyNbfs9xqvpGwaF5bG6WXva2wUUX0k4S49pkzR3gLwcNfubpRK8AjVLduD14+n0lhnSzCMQIbDVsDz91/ZK3Gva8AtIIPEL5UZUyxgZXEO3XU9Gum+J4U9ret6yHjG/Vv7KVan7KS8dr0fQqCuV6M9M8PxoNjzCCqI/huO/geK6kG6anvoQ017HIKAkKkgEaoRZQAJE5IVIDUJUIAUJQmpwQAIQhAAhBQgASOcGtJdoBzTZpWRRufI4NaBckrybpz0xkrnS0WHyZKUGz3A6yd3gqtpFoxcniNzpb05jp2vp8JcJJBo6UatHhzXk+JVs9ZM+WaR73uOpcoXSFzrm9lGZLHS3es07zoU+J0MMZc2ztDe9yE5sYaNinAlx0BT2xk8Fnl5Dfo3Q8RL2QFgI2TDENdlc6l390pzadxGoSnOTHKqCM4sbtZMcwC2nmtN9MRwKhdDbSylTaIlTGS6K1PLJC7NE4hwNxray9S6FfSCWNjpMZcSzRrZzuPFeaiMHcaKVsItoT5J9d2GG7xdPpinnjqIWywva+NwuHNNwQpF4f0L6V1GBVLYJ3OkoXO1Yfud4XtNFVRVlMyeneHxvF2uHELbGSktRy5wcHjJ0qEK5QEiVCAEKEIQAISJQgAS3QhABdMkkbG0ucbAJy5jpfiQp6cxMdYkaqkpcVpMVyeHI/SL0oc/NRUr8rSO0QdwvNc7nOu4k32VjFKl1RWvlJvmOip3PzWSc21p1KKkuhXuvpYWSxxk7BNjbc961KWC52WNtyeHVhFQWsZT0pfbQ+S1qXDC63ZWjhVGCRcarpaaijABy2J5hbafGWazDf5T3Ec5HhQDdQlOGN4tC69tK0juTHUoA0AIWr8SMn5mziZ8NAvlHuWdPQlt7Bd9NSN17I8lmVlI0AmyTOhDYXtHCyU+Um4KjaMpXQ11MADYbLGliyu2WKcODN0ZqaGOYHNsu++jDHDTznDaiQlkhvFfgeS4QDs2UlDK+CrimiNnscHA94WiqeMweRVyTPooahKq1BO2po4ZmatkYHjwIurK2nKEQhCkAQhCAEG6UICUIAEIQVADJnZIyeQXlPTKtMn1hwN/uhek4zJ1dFIRyK8g6SvJpXWF7uF1m8iXpGmiPenFSgdYbe9IDqdyppBmcTZRxtudAs1jOrSizSx3tdblFG240WdRx7LdpItlWqPej7pdYbGHWaQVv0772NvBYtDCSdl0NDTkNF9106zlWk0Ra86WNt7KaSIFo30ToadsWjG2BNypXB2a1tDxunCDJqGW119VlVZ0IPFdJPCXNJAWHX0xN7BKmMgznKxrXXuLFYdSwg3C6KsgLTqsepjtdY7VptqlhlkG6dTjM8FPe2zu+6kpm5XX4XSoLstc+tPZOg8pk6PUwO7Ls9Dp7rLoFy30fuzYO88OsPwC6hdFHEl7FSI2QpIBCEIARKhCAFO6CiyEAZXSP/wAdLbexXkmP3NM+3AhewY0zPQSjuK8lxiMSxTRki9tuKxeR7TNfjnHPCWmju5PsC0FLCQ0m+/JLnHWdGqWGnRWJvlsBxW1TyxRgXdbxWPSwdY4ZXFultdQtKHo3NM29LKCb5iHNB1/orVVXFIz22Tb06DCq6lMgAkaTw1XXULmPaCLZSPevK4sExGgqLvcct/aDbLqcKxGWGzZHX7ynqSiJlFyO4DAbW4qTq2garMoKzrQNe+ymqJ8upKYpLNEOD3CZwYGnj4rMrGMPJU67ESxpDT2uC4/FZcQneXU80ubgAbKjkpDFFo38Qijyk3bdcxXNa1x1CIIcXfEevhkJse0NPmopYJpLtqY8p5folTr66HV2d9lCZmuinp2di/FD2ZQxoNwLC6nDMsI8VmhHsbdLo9P6BMy4E02AzPcfgPkulWR0WpzTYHSMcLEszHzN/mtdbEcqXsLIshCkgRCUoQAiVASoARKdkWQRooAysRxGlbngfIA8jkvEqoPfWyukeWSm72HgV3/SUOZiEneuC6RtywveNDG1zweSzSlyff8ADf48c/6YdOS6lhLtCW3071MyzO1w5poZkaxvBrQPcoZg9wytus9k8Z0Ka9NahrRciMOkLRmLWtLjbwC2cH6e4fDFIBHVOMYGdwhBDRe19+ZUPQmeLDGPZJTtkEntuOjj5qN3QqlrMWM9NmZTk5urNiR3eC1eO+tM3kLtpnbUmNR11OyQtvFILtJYW3HgVj4lK2KoIYLC9wt2ohLMPhpQyJkEIGRov8Vx9fI5zm5nXc3Qu5pl8siK8eOyOq6P1JdIASr2L1OQ6FclhVSY3gjgVfxOrMmpSo2fDBs6vnpLTj6zOGk6Faj30VE27spI3J1subpKp0RcWi7iLN8VrikhqsNniqqcy9c0tLyblunJOq9CbvZNLj1BJARFNE521usbf4rBq6qKVziDYlckOhOIOrY6eRwjog8vD3DRt9OGvBdD0mw6joYYBg73ufG0MeDfK+wtfXiotfWhVFJ4UJmHrSWuIF1eomNmngjleGRF/bcTYBo1J9FnU7nOjGYWcrcDGvaOsFwDdZ4PsdbHUenYP0mpa2rbTQxPY06Mc62vkukGoC8v6KN6zG6VxGxJAXqAGgWqL1HNsjxeIXgkSlCsLEQlQgBAlCRCAHJDshISgg4rpnGG1LXcSF5z0jIbh9dm3MVh6hemdNGaRvK8z6TxZqKffVh81kbybN9PpGVIy8pVmmp7kGyhimjlmcAbuBsfRatKG9lJmlyOhW2ol+hgGmi6nDGCNubZYdHYAaLXieMoAOnctFT4iLVyDFqgmNzY3G50LlyNQCXEcF0WJOtGQFzNVLlzc1S6TYzx44XsPIzWV2t0DQsvDJDcGxIWhVyB7RYajklxfQyS7K8Te2Bz2XR4dM9rQHGxHPiFztO7M4LYjkOQADgm1zcRFkFLo0ayUPZvbiufrI2uJzXPir7pS7Q7KnVNzA3KLLNCuriZToQ3VqloWF8uUcTZEt22G6noOxIHgeyor7ZF3SOu6FUf9rfK8D7MFo9f+13C5zoYw/UpZXC2d5/X5ro7LWvRy7HsgSJUKRejUJUIJGpUiUIAUIKAhAGL0mpPrNA8tHabqvMMVpRUU8sLx7QIC9lmYHsc07ELzbpFQ/Vap44HULLfHPkjRRL+HmVFTSU5zPJzHR3iND8FsU0tuNlLisdhcDjqsyN2V3msy+zqVvejqKOUusL3HitujBfYBcvh0o0XW4KWvc25G3otFa0pZ0MxyNtJh7pXi7jo0HmuQjo5Kggm9idSuv6YyNmp42M1yG9gsahme+N3VNYXcGE2JVrYpvCKZuK028DwQzMDWAaBWMQwQwXuLaKrhWKy0xexwfE/YgqzVYjJUWDS5xt5qqhHjmdkOU+XvowJaV8Mgtte61IWCWEOANxYFV55nHJ1jA25tYnVauGAGkcBte9leEf4ROXemc+Mhyq1DCQVpVFrkXVCd2lrhZ5xHwkZ0jefNXcOhLjkGpcbAKvlGclxNiuu6LYI574qyU/ZjtMbzPNOpiZfJmkdVhNKKOhih4tGp7zuryaNAlWk5b7BCEKQEQhCAESpAlCCQslQhACFcd01hFmPHNdksDpVB1tC42vZLtWxZet5I8rxRt4jZc47R66vEI7seO5ctMCHlYIfR04POy/Qy2AFyujw+t6pu64+mfY3WvBLaK5PetFSZexo166q649oplFIGyiw48FRztLLlwueCs4cHOfe2m9+adw7Fc+jsYoYJ6dpnjBdwI3TiyGmjPUsAO19ys+F8vVNDGF9uRTxNNlPWRFnibJ/WGfvTMrpRJNcq3h9VkbusurYWP0OihilLXgXKQo4x7l0bNS8XJBCzp9dUyomIjzElUjUOLrJc49loT6L0DOtkY0ncr1jDYOoooY9srAF5v0VpTVYnCHC4BzHwGq9SaLBOgsRh8ifJipClQrmcRCChAAhCEAMCVIlCCRQlSIugBVTxKITUr2cwriY8XChrUCPJMSgMUr2ngbLkcSi6uY22Oq9M6Y0LoZuua3su3XnXSWXqIWSZbgGzrcBzXOzhZh0apcombGbFa1MC6DsXzb2voVjRua9oLSDxBB3WhSTFjLbLbBY+wk210XQ2dhAMVjzvdaNIXAdppN+YKo09brlfqNteC6TCaqnkI6wWvvZOST9FE3/AJDWPnLbxMNvBLnqDfMxxHeF08LaQx3Bv4ol+qti7R1sr4SnA4ypkefuOH+lZ8rpC6zYnX4EaLo8UmhaCIzrwKxHyhz+AvyVMRVv6InOJpxcEHkSoYG5pdNU+ofezQtLBIGOrIIn7yPAsFSS1kcuMTuOhGHGClNS8dp+jfDiupUcDGxxNYwANAsAFKrYY5PWIlRZCCBEIKEAIhCEANQEl0qCRUJEBACkoSEqriFW2kgdI4+A5lQBU6QU/wBaonRNF3u2C8g6f0cVEyCBswklcC54A0HDderwB88RdUE55dXC18reDR47rzb6W+rZUUYjGUdWbNA0Gu/eVM6Vx5P2XqsfNRR5nBUOoZA138B50P8AdPLwWzT1AJ0WXJE2aJ7JBdrhYqhQVL4JjSVDvtWeyT99vMJUZb0b5x4vf4deyW+2/NXqSolhcCx3kufp6pruOq1qGYGQC+iOXFl+HJGxLjdfCAIozIHHLoFIMWrHA9YLabW1WlhjqUt+0cwC3JMxR9M3sxEHhcJrl1olR7wyZKqR/t6JnW223Uc7m5jrooGyA22SlLWXlHEW2yAPMjycreas9H5XVGNwm/ZD7gErMlfeOw2CmwGpbT4gyRxa1rTclxt8FdPZJCJR+DZ7jh8/WQtBdmBF2u5j9VeCwMIfeljcD2Xm/wDK48fBy3I3ZmAp9kc7MEXo9CEXSi4hQhCAE4oSoQSRpU26AUAOQmF4CiklI9lWUGyrkkTOIC5zFWTVWIw5h/Z2G9ri7vJbBLiCTqeAUOpqC8nNkGl+J4e9XVX2Rz+hjgW6Aj7P2uTnn5D5LxH6RcRbiGPySMke5jB1TbnSwJ281670iqTQ4XM9jtRG8uI1NyN+79yvn+sJkrH3Oym6WRwd4sOUtEh3AVPG8OdVU4dCcs0ZzMdyKvRNsVfijD2Lm609R2sTjjOFpK6Wnc9tQxzZWjVo5dy36DFmklwcNDYg7tV2sweGqJE0YdfnuFTPRgFoYyVxbe9nBaozjP8AZGKVc6/0fRswYyHNZkcSOfNMdjYuMzzbYA8T/wBqnTdGJI4rfXBlGzbHQqRvRo/endlts0cVbIEcrCR2Lh9hlcCRc9xV3D2Pdd7+ALW+F73TaXBIoHXsXG97uWsyEMZYKja9Isk/ciu4aKpJxB2PBaEjVlYiS1nZ3GqrH2TJasPcejszTh1OHElsrWi9hY5r2Nx3jYrfhe4NF+O/jxXGdB2Ol6O03WkdZNELW01HbZ52J9F10ZzWdsXC5tz2K3tajjvplsPB7k66rOF9SASOXv8A1Sh+XY+qVKv6LKX2WEKJsoI1Ul7pbTRZMW6EiFBJXfKGi6hfP2Sb8CbAd9rJkYztaXm92scR4k/slYLlpO3Y/Mf2WmNaQtzbHslbrsLX1ueG6a82Nmi+2/fc29FG5oFgSLZRc927lMxhcxj5Blc4l5HLS3w0Vyo2O7Q57tdL25D90lOOywv4nMfIX/ROn9nKLAk28zonMH2Z72k+psPdZQByf0gtc3B2NY6wB7YHHZeKTRk1LyRuV7/0rozV0U8WXXWxPMAEBeLVlLknfYcVl8nTpeC1jRmMZZXqcbWQINLpYxlNljSOi2Wo47m6vRU1+/wKrwcFo05FhsnQM02I2m10aU50X+GytsASPsmCykYwDrqopdL2Vt3cqkvtWVWSiu8XCz30rqmdkbd3uAHmbLWbGTvstXothYq8Zizt7De158PfZEI6yZz4xbPRcGpBh+HwREBro2Nc4Dg5gDXeoK1S3JI9p0AcCPA6fFVdHOAuMzhseTmm49Wq3fO0OOpMfvGq3nHHDf3ef9XCZ2m59LgdtvhxCf8Ad5/1r7rFGvDXf9x5jVQgGE2J4768TpcJ4Ntiowwsc3W9smvuTbWjbbdrbf7XWQ1oaWBJzCFFb7otuWX8rhCo60W5DA3LlHIRM95/VJEOw0/yfnUh/iE/5hPk1v6hNj0DR+H8bppQjcA4d7rsHqQp3O19B5f1r6JjRrdwIILh5FxP9eKcb3vx/r+vIKGBGb5wQPZBdbv4Ky2MA5RsC1g8AFHCy79t3D3aqbXLm42c712QSVKoCenJ/vBx91l5F0hw99PicjHi1nG3gvZJGdWwDkxx94XNdK8GdXsDoGgzM0F9Mw1/RKthyQ/x7PxyPL/q9wNFWlhsb2WvVwTU0jo5o3McDYghVg3MeaxZjOqpatRFBFoCr0LLW0TqSE7EWV9tONExIU2V42kp7mE20VxkHgnmIeIUkaZMzC0FVoojJItOtj2DQlooHFzWsaS4ngN1DBfYyOkNtAul6I4e5ksspuBo1t+J3B9bLRwnBmxhr6xuvBhtbz1WzTRsLx1bQ2O4AsLaHX5LRXXnbMd1ykuKG0zB1sbv8wHyMZHxurdPa7b8HW9R+yiZEWPjzbh4FhwGQ6epunCZrG6izi1ptb7w4e5OMhI27QB4eo/f4pRwy6cviPmFC2qp5z9hK159uwOtipQb91/6Hv8AioJFlI6sZRftN9LqO2hHfKPeSpfaGmgOnhy9CmSWDcw4tc834EkA/NSA37w8WG/eBc+4ISj+IBw6xzf+NwhBAv8A+h99kNYXSWF9C0jvsP1UUE14g57HNIaSe8E/OynEhLg0NAtceikBCDyN+KaSB7RG17dyQFxtc29g6cLqNw7Jy8pfzhRgDnPfcgOytAI0HqfT4Jv2uYZ5NCWh1gOG/vspW264D/Mt/wACo2XMUZJ3YwnzH/SkCSnmNREHOtmALXgcCDqnvaQ5p2dpv/Nr7iqkeSmmlkeSGSXzcg69ifX5K87NpzGlz3j9QEEmViWFQYnAOujFyNHZSSPQricRwSXD5rOYXRn2X5SAfVelXa45i0OB1FxwTZ4IZ4XMfG/K7Q2NwlzrUh1dzh/o8v6vLsFKy/ALdxXB/q8hdCS6LhfcLObAQdQVlcWumbozUlqIAP6slOg2KudRpsmPhubAIxk6ipHCZXABpJK63AcGbTMEsjQ6Q8bAho5XPyUPR/D2gfWJI81j2b6NHeui7b9nf7Bt5laK687Zjut34oa+JgFnvsP7t/kkp4xG9rBtmAFxyaE+NoYDksOZB+JKZleTmG93ZT/psnGUfC3tjjaQfl/dMIvPfjnd7h+6kILdjq57CT6fomDcHueUAZ9XQsqI2uBLJWxx5ZG6OGqfDUPje2GsADnOcxkg9l9r78irRHY/9bPilc0Pe1rgCDK9pB72lAD+Oul9Lp0gux122JBNvHf3qnA10EbWtJdGGXyHhrbQq2JmXIfpa4N+5QSRDSQaa5m+uVCmcG547anPqf8AQQEIIIS3tFvIsj9NfmkB+zc4b9W4+p/ZP+8Tx6x59AQE1v8AD/0xj/kpAe4fagDYPaPQKM/wr/5bz6uCeD9qPxHH3Jg/gj8FvxQA4C0w/F/+hUbR9kz+RnxU/wD8w/FP5Soh/Cb+GPzBAA5ocLEbukb7yUMc9gs0gglpGbgSP1UlvtB+K78qZ9w/yNPo5ABHNZoD2Fg0GmoU4sddPH9x81C8AF9uBd8AfinsGV4y3beQ3t3tv8UAOkjzsIIcWnho8fqsSvwwXLoGtI4hvDyWy15OW4BJF7+adPo0X7Q71Eopl4zcXqOSdHYWsFcw2g66TPK0dWDx2J5W4q1iVOxk7Q2/bsStanjawZG7NsPFLjDsdO14K1obYNG3dc/oE/ITuP8Aeb+4aJKiQwsGQDzUed7nC7zbrA3TTSyaZyxZrDdxue/5BRPlJOZmgADhfjdMAswHjlfqh2gcP8LPmggcdZP/AGj8qjHsj+R/xUg9tv4p/KUwC0Z/Cd81ACvb2XD/AAM+KUWEg/Fcf+JTne24fyBNPP8AEPwUgRH2ARxDfe66Za5cTyk/OpQB2fFg9yS3Y/0yfmQAgAbI4tG8rCfMAISO+/4xH3hCAP/Z\" data-filename=\"73_new.jpeg\"></p><p>Librarian<br></p></td></tr></tbody></table><p><br></p>',1,1,'',0,'Web Master','11/21/2016','2016-11-21 12:12:49','2016-11-21 12:12:49'),
	(15,2,'Anthem','Anthem',1,'<h4 style=\"text-align: center;\">University of Jos - Anthem </h4><ol><li>   Unijos our Unijos<br>\r\n\r\n        Founded in the Lord\'s glory<br>\r\n\r\n        Fountain of knowledge<br>\r\n\r\n        Discipline and Dedication.<br><br>\r\n</li><li>    Building leaders in earnest<br>\r\n\r\n        Lighting up the nation\'s path<br>\r\n With knowledge genuine and pure<br>\r\n\r\n        In character and in learning.<br><br>\r\n</li><li>   Unijos our Unijos<br>\r\n\r\n        Setting the pace in leadership and in learning<br>\r\n\r\n        In the service of God and Man<br>\r\n\r\n        To humanity\'s delight and development.\r\n<br><br>\r\n</li><li>   God is our strength<br>\r\n\r\n        Growth and excellence is our goal<br>\r\n\r\n        In all that is fair and upright<br>\r\n\r\n        God\'s bless our Unijos.</li></ol>',1,1,'',1,'Web Master','11/21/2016','2016-11-21 13:18:35','2016-11-21 18:51:47'),
	(16,2,'History','History',1,'<h4 style=\"text-align: center;\">The University History</h4><h4 style=\"text-align: left;\">The University of Jos was established with the vision of being an \r\ninnovative institution with great interaction between \'town and gown\'. \r\nToday, the university still carries a high responsibility of fashioning \r\ntastes and attitudes of the future. We are committed to providing \r\neducation that is globally competitive and relevant to the needs of \r\ntoday\'s employer and the developing challenges of Nigeria and beyond. </h4><h4 style=\"text-align: left;\"><br></h4><h4 style=\"text-align: left;\"><img style=\"width: 253px;\" src=\"data:image/png;base64,iVBORw0KGgoAAAANSUhEUgAAAP0AAABxCAMAAAApmVVtAAAAA3NCSVQICAjb4U/gAAACW1BMVEX////////w9fnm8fjf7/bf5u3U5u7U5fbW3+rO3unZ2t3F2ee+1+rJ1N+t1PO90N7MzMyyz+W0zt6zx9Wrxt+TzPKZxeS0vcWnvdKcvd+0uLmPvuOctMlxvPSQstx0tuGFsN6pqbGUrcRbte2opJdurOCcoaRzpNeZnpKRnqV0o8ZcpNtQpeGPlp+Qk4+Uk4OZk31Nnd2XknKVjnSJjZSLjYVck8uOkyCLinOOhGqGhImLjR56hZOKgnV5g4hlhqeEgmdHidF8f5J7fISReGh4e4p7fG01htlze4B/gwyEdmRseIyCeDQ+fbJ9cldzcXkyfcuWaFVmc3uUaEt5bWVpbnOMZlVxbVVRcZdtdgyQY0pucSB9aDJmZmaBYktrZkqAX1JUaX0qbq+NWkKNWkpmawxwXlRpZDmAWkqCWkBzXUo3Z5taYGVDZIVfX1ZvXUOFVEtfXkFgXkqEUkJPXmWFUTl7UkRxUkpWXDhTYCVQWlh7TjlxUUI1XINTXQ9UVFdzTDdvSkFgT0NGU2drSzZJUlNTUUdfTDhMUjhgTDFTTjlLUidKUhBSTS5BTVlKSklBTEkuTnFjQjVKSTpuQDFDTh9CTDIzS11ISSk4Skk4TTVkPypCSw44TBxYPzRDQkVFQTZXPSdFQSc4QzY0QE00PkI5Qg1EOiUmPVA2Oyg1PCIpPT46NzQ1OhgyOgszMzNFLyIzMikzMSAoMyEnMiskMTspMgszLhgpLhkkKiokKSEgKhokKQ0jIRwiIg0YIBwYIRAZIQcaGhMTGQYPGRIREAoJEAcKCAQAAABeCLwdAAAAyXRSTlMA//////////////////////////////////////////////////////////////////////////////////////////////////////////////////////////////////////////////////////////////////////////////////////////////////////////////////////////////////////////////////////////////////////////+BXL8TAAAACXBIWXMAAAsSAAALEgHS3X78AAAAFnRFWHRDcmVhdGlvbiBUaW1lADA5LzEwLzE0qFN+WwAAABx0RVh0U29mdHdhcmUAQWRvYmUgRmlyZXdvcmtzIENTNui8sowAACAASURBVHicdL2LX1Lp2j7u2SwtKydLm5J2kdVYzRvOr9xq07Zx/NqeHE20l/3i2JZt4JCZKDZCIxpo2hiOmtnUCIIMoRhxMDnIQU76Z32v+1nanv1+vr9HWCwWiFz38brv51nLFJ/PHw5HE9vbvh9vfHf2xj93xvff3/jqbEnxkVN9a+/evbt379Wrpacln509e+LEiZITJ44VHDtWUHAQI3dfTk5WdgYbWVlZOftyDx47cfYrGmdLSr66ceOrG99///233377nc7pWLlbUnLmBp58+eUD88yM0RWL+t2h2OZmpKlS5122uW0285R+eWPD6152reNh9ePG6uTYo7HJ300PGzsUCplI8iE6Nr5oWrWuWk0m62YotIlfpzFyeSwZw9gMeV1WK16K0QuhjY/WsfaHC9jQGBhpSkvPSEtLzxPcu7fU902Kn8Bvba09ufHt98XZ+8+eLcF3/x7w//n9hZPnb71eW3n35OmrV0+fvnp3t/jsV2fPnj8L+CdIAoBfUHAgN3ffvn1ZWfto5BYUFJwoOUvoz9J7vwLyGxe+vPHdPb1haW3tqzPFn39+5swXN+6+MM8Y7aGlp2uxSCQQCa+s9DVNeT0Oz8ZmKLCB8XHDa/Nubno/rq6uLs/PT06aljUKlVIhkfSb/K7xVdPq6qRp1eQliLHNDUjQNdJujMRioc2NjZB3fdkVwgO9ChlOTsw8bMHofKgekWekpWZUy4WvpyrP9clTgsHo1nbS13er79ULubCMz8tPT03NKDhWUHLjxl1PfO0VkP/66leMV3dLOKWeLwHAkhLCX3C0oOAQZHCw4MSxQ7m5uYeOlZw/f+MGDIcsBLr/8ssvv7o1ZLU/vf7ljR9/ffXkuy/PFJ9/4bQa7V6/48H1u0vbW1Gn3+sNeCyecDhAWoxsbuBLe70b617bstVqhQCg6EWNTKnR9MskbeNW1/q4CQKZHzdtJknHLu8mhDXRPgldx7wTxlBgwrg+1juy4PQGvN4ILOlR20P1wwm3d/m3aj6/2hKORn1NOefkKTD6xFRT05Q/6Hf4LDrHYI2wgbc3NTUt9cDTNSj+11/frRH4V79+B+A3YMpf7dr1CZj/MYA8duwEc4hjBQdh9yVnb3yPt57F8SPFZ87ffWp0vPvx2y++gBy+/e7Hd76lF06X3e6PRtderfkeXH/w1Bd2BzY2YxFPZCsWCQSAOxTZ8H6E5r2hZdOYukOkVCsVHRgKlVarVIpE2kXTwrC0sbGjq7k3BPTeEN7qmhh7tLyxuW5dNplcxomxkYWRLih7xuRybbi9GwG3y2WFlMyeSDKWiIbDjteDyZTtbcs3Zfxz56otU5bXax6PxfG6kldWXZiWWqRbeQXQUP6TX/Fz48tvYcbcwCODB9xnzwM5Wfl339+gQyXM4mEkxfsLTlUOORxLT76Dp9Ovwt//8uVSyGU3e6OhwIolEnjx6t2DByuEGVqPJeLw20hk3TS57LK5YwnvvHcDWp+UiYBcJutXqWSSDoWU/F+pWZgeGZC0dxsinN9HYPWx0MbGpte0vLE8YfUaH6qlYx8WJtaj3s3YhjfiJk/CiCVphP2+8PZ2PEV47nDlueqmMkFTk0DYNCi0+F4IqyurBYIKQdktqPwdoh49/Prkx39+/+0OfLjzV1zwO3uerIA8AoGSJHLwGEXG4uIjx+vsQUff9ZKSC2fOXMDvXDhz4Ysvv3tht9tdwaUnwYjHH/Fg+MIReC0UGEluJ2ObiFyRkKmtfWzZ7fZOak2r66urMHpFv0KlVnZIZCqNSqlSiERKSaN6zBhink2xTly7tUUBAH7/cXNjTDsZNM5Mjk14k7EoEG9tLNuWXWQiEU/TuRfxZBjB3u+ZSkkjI885fLyyrJBfyS88XFiY/42luqywsKxMUPfCF/D4Aj6P5927V3R79QQS+PYGJQQW2E5A92fPcvDpKPZKSo7tz80+cE4X9QnPnz25nyLjETpc8tnnX71ad9mdQb9laS0ejUL8kYBjJZqIMJ1EwlB9CPte67pVLVWOeyMb8xqEtkVVY0vLzfrmZmm/SoOhUokkHR2ixsY20iaQJ7di3m6x1RvbMDH9h1bHx8ZM1mDQGUxg4B2BSMgbctucVqevurCwafDpksUS9oUtKfmFPH5ZWRmPx8+vrizjF6amFvKLBNW8wrQ8+Vp4bS2ALxn2rb1bW1vz4OHVr/+kDMbUz5Iiw1tQUAwhEP4bXxVnZxc2OKNTZQcpgxQjKeYeLD5z5vPPz97zrNucId+7179vJJZWltbwwX6PL55MhihxRdaW3Pju3sDy5OTHVeWdDq3po1U7vjoC3N2jtsBovUylgvUj8ss6ZAC/4IWhx2IB+PFmwKzvujnmmkysL3s319saR6yT98dNwWh0KxZKbIVcCH0TXQ8HBkZGLuYX9g02yQ0OXXXfUkrYE94OA5/DYDAMCvWGCj6vMC+PJxB8owuvPfnuwdIatM6gr7zjxis4AXzg+138yIAlZy9wBvDll2cK+KMhn/B4dvb+goNHLpw9cuSz4pNnPv+s+K4n5HJGo+GlV4FNf3gJphf04XN9JGHkpY3A2js30hPFAOPk6qJM1S/TjC8uWh/W6pEG/T7xFRGgy5TqYUWHRNSoDMWsJggtFoklAwG3UOjqunKzcXwMSWLD6zKNaedXVzfW15EPY0noPxIwqdukYxNdpXt5gyuCw8KkX9eUTInf6/NN+Vaqq+U+cVmZzjflmBIU5uVnFr748QlUvfaOwt67Nd+aZ40hZ7kPFrADH1bw1QVQGHLrC1/+pfh8nytoqCzYnwuTPwiTv3DhzFfff3X+VKUh6HX6o4Py175IIJwIb0WXlhLhpSd3Ka76EfDdkXe/ujcmJoj8eCetVpVMpVAqtbD0qnLd1GDfUF2VFAKRyRD9RaJGjfcDEj65PCJFwGsbNbom2242Nora1CA6oVV8wsaGdR7p8uNGLLm1xZhQDF4QdSCsHTgwtR0I9/WlVAotZXth52XhKeE5+YtzRXxBXZ2AV7TnKNIT0L7ywd5X1gj+uydIf1zuf/LP73fQf/vtF2dOnkE6+xJyuGd02e8h2rMB+EeKS+7CdJYMTmB3RROWU02vX9x7sJYIB8OWpfCrpXc//vjuyasVhJbw2t27gY2RgRET9OW1LmoVcHLEONVsVZGgT973tKlcNqtSyGRIfFD9oqltctUEMrdp3UjC+61jLlNbY3tLI/RvnQcZsk6qra7F8YdjLDTAAyKMCIaifktwhSdA2I83HU4pfG3JT8U49zozrdDCz8/Pr+an5tfweUWDa+9+vPHlAwD3kfVTykfcB+zv/onwT7jZ/ce71+9eP3H9wQu9weWSnyv+7IsbZ86fv379q5Ij+/cfOX/37t2nDpfLBR+0PF15UZlTcP16X9Dz+sVKeO3pg3e//vhu7emrPp4wbjl+amV9QDusVn9YN42r1VqKb5r+/tmbhXxhU18foVd09Pd3IOQ1aqwPxzfXJ73rrvUuL0DF1snk24nRNTa2PJw3jYvuiBas1rGuxSSCSchKJrXhsrqSW311vnjfvReWeNghT8kpRGrHj6C68KJcpx+qqWioq5abPR65Z+Xdq+++e/XuCan+xx+fPPnxARPAdwSakEP1/3yyEoFPWrrtLqfD8eJWGVB/9d3dX/HOJ9ePFZw6VXzyrsUL7Im4z7Ly2ud7eqqyLIvnMbstfb6Vp9cfrD15BaWfyi4ST5WdmlofntZOT3d1qYdJ7xpVf0dH/+y1fL5Y3t3dPaBA0u8QSaSiRtm6dtwKTGPWxdi6y4XEZ31oso6MtED5GLANibSnRbtu1baNx0IfFlyhdasLiXDEG414LH2WvspT516H48mUjPQ9RbyyizV9coeFV9TEz8ys8fiSyZjNH0As9IfXwHR+XQq/e/LkAdR4/e6PT+D2IKxffv/tX0qu98ktPo9lcMhuGKqrPHeuLxy2DL668d2Td08fwCbOn7u14vB7ncGtoPDW07v36l57IuGnTfqNgMPrf/DuwQWwP3jRdxc+O5ieUcjjiReHpxcHers71UzvChl4Tb+iubl3TKNUymQS+LxIhFwnXR/TmtY3YuttC5sb610bEdj/w/FYdKSlrY20LxK1SKTKFuk6jrrg/mOmhQ8f1OqRroXF9m5/U9+LwRe3jtf5fNspg5Ypj8MR9w2+fiHeK1+qKxJYwhG/xxsIWMz+CKLyu1cvHrx6Z/G8enDv1vVbd+/++CMJ4MFXn5ec4pcL5QbDqMEJI5LXCXUWz9Tg1JTv3dmvnmD8+utdudMb8vujcd+LW9/cu3698pwuFll64Qs78OlP+66fP3vmc1RNZ84U52anp6dnlH2A4ke8M0CPoKfiEly/ZlYFfiMRiXAIqkfUWx9/aP24sbE+LtJuti+vW9c3N9fHZeMboTGEPUlLS5tU2iIBSZi0jk8GNkOuhQW1tKulsaW9vU1q9PRZ7q2EmwTnKldepPjCPotvypN0h9f6yqYG5ZahqXjAQ3lnasoSjHtW1p6+eL306p7u9dN79+497bsHC/jxnz/++rRvcGhIb3A4USAgZvnsDo/PsOJ5/drhWfvqwo0v/nLylt3p8sPfE2v3XvSdOnr8/L011JPhF32WpacrKyhrxDUN966fOnGsuPgYSEF2ehr/w8LYiHNL30q6B/L+fhA7CEKhHFbLAB6GL4MAFk3jVoTyjfHGxsn1m22xrkdzTu/k2MP59Q1rO9xeSgYg7ZFKpWNS0eK6qd0FabS3SySIC4uh+JRlqm9FV3nr1KGMlLW+F0KLxZGMxX06vsAcFtdYwuFkHN8TNBQ0ILxSKZD3La296FuSgyZ9801f04Nff7zxYEpu1vuCPoPDIK+pmZKLDVMGnz/iNy8hgj+5+/TumfM6r8tPZCvs6NMtXT8PEQgdkXAYsvWsLMmnPIE131O5penYqWNHjxZQhZTN/zC90NmtF7ZqtcjsMk0/2btSqVAo8fVB8ABeoQAJABsyrX6cbGnsGBtrkWhvVk0550zWyQnX5OryAJk+oW+XQhKSFol6oFHZgic0pAtWb9Kse9H0dKWp8tzhfSm3jp+rrhP8rc/iAaENx5IWuTkWX3P442GzL+zRDVr8DjG/UPh6Zc0yJUhLTT/MP3f91r1bcpfTb5E3FGXm8/n5RfIGi1zusbhjfs/SVz+uLVUKYBROuzO6ZdFZ1l68AF/yLb1uKoNQo4ZBe9xv8cU9unuVlU0NAtSFh44eR6V87CAsf6FZXCfsJLX3g9yrOrghA78BeiRBSYf2zfzkRxPK2zZYuQg4JY2lo6GZCaQ40/KyaYTMHv4PrF24Q+eQQjvER+iNIVMsCaYvWAsLDp86eijl8L7DTXKdpU8gT7hjcXh8ILblEOod0bhDZ/E1CAwGXdIxNGiwOCx+f11RWlpadmGNIegfEhSlp+4pFAj/ll/4TU2DsGZI7vEYfHEkxzVLZYPZ7XS6gs6azLy8sutNTXVNwro6uX5K7vMN6TyeqaFBy0pfZc6Bo/v2sQ4R7odyc8s+LHSLyxt6x2D2/Uq1Av6uoECHGH6zDS7QhqCPsapdnX8ok0gkLY13YOiixtN6d7c9ZlJprcuu8TaJoqWRiaWF0/dwVzuwS5EEpB8Q+k3dZdnnwr5z2Tn7DqT8NmXzvxaLxUIzVZeRiBe0OeIJJpN+FEFxQ7XcMugIOxxBi2Xp9WudR19XKbQHfcKjYPN8se6F8Bt+oTwsbmpwrDXoDQaKIqhqPU6bzelPBPnEJFLT09IKy1A8OOxwEI9eiFDpdFg84adHMzKys3MP5uZkZWdn52Rn8IwLC521xkWVguoZlaxfBt8lq6/q7r6C5xIJGYJE1aaVcnEdSR28T3Ra7Jlb/giSMDk/vzzRIkLMg/W3QQSA3SJVdknbB9QDkIBSPSKVNh/OOKdbWRKkHzqU4rb9ZjPrdJ54hDhzJBaJxwORLVBDhwN1sF8uNPjNBr4+GrYMyfssgwajP6pvEAqb5K8d/rBn6W98XplYPoTdIblu0ODz+HQVU2aHw24LRp0GXUVRYWEhr0KuF9boHbohnQF+NOSw+/B3IuF310/sz0gH8OyM7Kys7PTMig/TizMfFtQceIVaKoHiZTJV+yWx/jKRPBT5ZAuwBolE2tYmYqNFdrlM5123js+bUNmtW9so34skFPXIBPBOZU87CXFgQEpGMMzLyj1cHV45vO9QitlmNqPUpv6aO8K6C5EACodEMupIJCMRj1Ag1snT+I5gIGyQ6w1Op2HKIuDrgsGo3y/Pr7DodZYmgd3vG9QZBh12vd3nMThQwzujQbFAaLDweAaHZUjA5/PragRDHrEw7BAbgh47ct7a0rtX9yp5B3Iy0tPSMzIz0zIbkPEWtGqlEokOSIFeirAH9JcrHJdBfFDfEwdgYeBOh0qJOAg4bYprPOHM6PI82O281bqqbZQw+JIepZTCgoT2lEp8rFLaNTDQPlx1IHvf8UHf68NZKX6/wxOmdmAk4Axwxr+5CQGgbopEnH57XVmN3lA7ZJ8ZnUFyizoQERJI4SjWgn6nU+4OGoaGhnR6f53e7sGu2Wy2m4E96pQjmIKkgTsXoYYW1Ax5WB1pGBLqYxGd0ANuP/XCE/cZdMLqwkx4R1oa78O0FgSXvqdSqlRC/UoNVK5SXinVV0kkyAAd/ThI1s8qfJEEFEgk6b9ZKhZXrb43Wa3S8dVF6F6BUqBHQjbSA9KHwA/wavpYaH6gs/lcbsapwde+e+dSLOYAq38IdiCZjLO9UIgS/saGG0qKRg0VwiE7kPsNjvBQXcOQJbwlz88vkzscQ2Kd3hGOJuKJbYO4227XGZx2o9HuDBrCuooK+VRdmSA/c2/+RXlZmUHfrR/sk9cUycX8KbBjf8QxtXTrG2GTzzel09UI+IWZqfkLC9OzYPrALiX991POn4UArvH1VYoOqbK/Q6EEXhH030EISQwSxIHSpu7yLuv85GSjCCEBlEfU2EYNYKUSZiCSDkg7epj6h3EfaG4uysnNOSAPv76e4gjE44k4jVgy7gnHoXamfeo4hIKI7UKDUTzqNIpPF5U1NAjl9oq9/LIyXnpqZk2FoKLunEDnsOhAe5xed9AP6MCOwv2i0OcRl9UMNQgbKoQOvaAIzuGU6yAFYQVfIDb4Ix5fVCzn7cnP5zdU8AoFFcKGmrKKmenh2dmBATWw40emIL4nbZd03OSPor6lAk+iIO6vgsYRHJgZ4GlLqVh36WYHch2x/MYWpZKooUStlkrbIB2FWtlDAoU5KTXD2uaGon0H9mWdW2nKSQn4gTceDePmB+UNRiNcnzASCkAOARzzB2JhXzcvM7+mhieosAgFDTUoDHg1DfyaIeGQTlxRlp+aWWYIu0nvRps/GAwaGoTmhKehooJ30WcXlPGEDrs/bGioq6kxhPUIkg7kT+GQ0yHci5RAJl+UzxNU/k3uchk1muZWtQquj68K9P0dbQ+1qpu8odpGSn4yJbV2KftTuAM0Ur5Cclk4ePFmRyOHvQXZHd6Olwk7nJ/sQ8rsCf6kHm5v5h/KPXDgaCXYTlwXTgB7BCiDYQ8MP46AF6YIEAQO2DuEYrHbgx7/lp2XTyF8b2Fh5t69mUWFFRU1fHlN4d69e1MzGxxOM2F3BYfy8/Xior17efqE04kQ6B8yRxOJiBz50WN3+ixRz1TYp6urAEsOh4Wsd56WmZaWmZdfWOFad00PVzVrNCzuwfLB9EQy7exNXndtSwfVtmTtHUh0zPHbUO7dEUk7ZJfrBssvyxj2NqrykOlA91tESAsSJZgiEoCE0z3GQHP50YOHDx3KPXQ4JRmnDi+sPxpPJHxhxPtYIu5Bzg4GnQZoTMfnf1MmF4odkUTwYhrL33vTU/Py92buFVYX5dfwCvPzoLohJ7P5KIgh8NQYKvak5sstFl2F3wOS4/ANCQpTIZWgrtq+ZZZbHIJ8QXRI4IzX5WemMf3TB+cj3Q1ra5s1KqVWA8uGbavV2M628MRAz8KYQtbBxCDq4FJfPzayy9Xy8stwB5AfVHkgCFy2gx1IoHlEgB7pjvJRLA431xzNPcpGSnIL+LeS0WBsKwEj8McTUL9Drm/Qj+qNUUcZn4evhmzkdNRYfHwy0/T8tNT8/Mx8HiJfUZEA9I835HBSkosGfRYxj4DwxEOCzMyyKUNNWD4lb9AJ9pY18IvK5FGH3LDlBJWsKcob8hTVBeUN8gp+PjP/tNS9nQvDw9O19TB7mrahLqaMnFvVfrpWeJPBBetlmr9z544Iu0QHZB2qK6Xi2lJkiB7wGyRCynHgdpTxSd8KKT0nx2dPtc21vEM0AQX0nvj2ViIJr3esWCKJRJz6ZLGo3+kw2pHT4xV5giLYZmq+kJdKDTCMzMz0vKK9qen5vDK4NJRXYwenB7OzOyN+va6B2UeaQZ+fVoj4XlMhFzcI+ajeK8Q1Dp/f44n69WIBIFcYxGV1FbyGCoTGPAiVQ6+drq9HrkO4R5mjQk2HyKZqOV0rvgm/Z1xPJAL0O413RLujseNKlc9wukUmg8KlFOeR7ZjP9xBuCYo+BET4vgIyUKpnm6tQTFQLzh0/mhL3+7a2xUVyFPgWfyQBL4DLR4PuKA1n1FeWX5SZlp5OCZmLUKlpvPxCmuvK1wmF+iJ+g96PeiYY7c7PFxqCQ3WWfPaui3J+Yf7e/PT0/Bo+3o/dIh5vCHFkyuCXVwh4DQ1F+XVlFdWZe8t4ZXUN+YCfurd5YXp6urZKPQuOq1SRAGgeQwb0VWLSPTW2yPHh/UwEsHUSQse1Sy/0pWTuoL9KGTFBCoY9ACxFXmxjVr8zYPzttVWXymubQe9TLBa5zuGYMocD0UgSYS+ZIDID9UejkWg4GhVnpgI8N9I4+xQX5V8ExL0CpDPBqMtuhM0biiAcxD6hoC4/ld6aml/TgEwmEPBQFHXLh8ryMcQOnd9hDtelZu5tEBbBivLzyZb25BXmZ6ZncJb/phnoqaxXKBD3Gb1VtQH9NTJzBeATeGCGj9/p6LgD/I0djZfu6S61KCRSpmtU8hLiOQwyYh5orqKHMSiW8zTq2qqLp0sxLgL9lMXgSRK78QcC9kgyEfVHEQKj0USECJ2jAeaekZGenrGDP5WHurYI3r63rIInttsN9mDCzk8jyKl7G2ryBXV7mLgQHYsqhvR1Nfwys8+sHxoC6ysT1OnNBod8L8wDwPE77KNpZGRmpObtoFfOosAHeCT9flR5CpW0tNZQRZ0dEXN9pHhkvw4JCYCVOXcuyy3lN1UU1zvg7W0U7aTEk7k4L5XKOOzgeyrm+OWnL9JI8YWT4XA8HkZ2D/s4jg+3Rx3uMAeA3UH48TXZ8gTOADLzMzH2pmc2GF2I9P6Ev4bsg15PLRRXFFbwOWNJTcvnC2p8FQ0NemfEM+WoyOfzeTV8vlxQJsxksSGNQGdm4J5JH8/5/Wx9FfSjAa1TqUjXsHyNorR0qErZsePqEiJ65AF3qM2HjH+n7XL1YPkVGDlIraiNWp9EccEGme0retpkCikju0R3VbOtteWlF0svXbqU4nutc4R9oPr+cJhNpkZQ2Tn8wGQ2++xiHeX7Bmg6I2sHfxqDnppaOIRYZ7dHow3QJF4iFBlphWJxWdGurAoF/DLDYB3i+pQjGcHHwPmLLsqFRYVladxIz9wZn9BrEJSkgI2Ih6+tpLauDHSmdLSKKhvW1bzDQj4NEdUzxGxvt3a1t7dRYkeAV/T0KIgqaSh1EF+kZ2AQGjWJAOjbgZ4M/1KKvGbKZ5DrfPFwhHF9Yn4WFLxJOIPfovdAaY6pQTkvM41bnpKeBnYD529w+B12RzAxRI6Rhe+fRSMjPZ+fn4d9DlJ6epHdz6sx1OwtrKnQOx2CwvzC/IuGmsIyXlrarsHvjF2/n719VaqR0XdXKRUKat8r+iWX+frLog4uxFGrR6FkUU/EcjrMX6KafqOSUpbrYdWNSKlVSZVUJivok4gV0yCur1HNSpurLpZylg+g8XA4gro+gi3uybjdEE+EqcuBsr2GVyfXUfeuLD+LvmJGel5m+t4KR9DpC0aDBjh85p49mVmEPodGFu3s2RlZGXlmO78mXENmnpl/sQLFXhm/Qi7k8Xm7oTTj06CYD/TNV5WzLMsj2GuonIH+r52uvSbiCE4HEX3YtIiSIdygrY36PdKurjZApbAHz8BB+DzqYbJ7DAkFEdYhJRKpGW6uKufQx+P+OHl+DHUO9I0IgP0AYE+FI9GA57WQtzevkC8EbxNWnGORObOwAdidwUTU6chPz2SrlWgQXMDfl8MNWseTk5NnttToHbw00jFCXGZeYVFhXv5FfuHePbuBZMf5d9ArNc3lXbNQFwr5fo0G7q2QEkSJjIt3hB88h/oWFNTapLI2qUR1u7y5ubRNQtU85bu2djBdbAi8TEaRjhb9EM1XkRi0QE9hrzQlyuo7SvPU24hTJ9cTScIGhnSeoEVeJ/Z5UIqlHy5CNTNU0ZCZuueiPUgNy8RQUX4F0AMFAd8Fz8GmkZeXh41cXj0kL8xg5pADY2CJIz0/Ly1j1+HTMzj0IJS1TPfl7bMapUyjpaYeCloq19pabt5s6yD/BRoSBVfg08zFHTxV3SwPJ0pv4gCLdRCMlIocyIDr8VC1y5pkSuqcUGihuFfeDd2D4cSpjUeOvm2Qe3wWh5nmRnX6qMcgPydo0jmmBFlpOXkXG3j6ixV6H2Hf9vEoE+Br79mTkZnzH2PfvgO7IzdH0FdZZqjcfQnyIUnBhPaQsezEh8xM9piWWbU4PMzpHi6rRgiDASuAtO1a+Wj57f5+xHOVBhqHFVDtjz3IoEUk6m+5NOi7dKVNxPo46jYEBIRCSnoSBavxpD3UFVcOUODHZ3d11iLmVxlS2DKWZMDhTyZ9lnASAS/smxqMRgKx5OCUJ2oRVAorawQ1h9NydI7DmXKnkzF6RwWUB1WSr+flQfEcbIbtE/pDhw4dOFBYI6yTyo7hmQAAIABJREFUCw7sy+M8gXtf3r7d95NEuF/P4tArSfcaytIKmVTWA1XDuhXX+MGGejj8zvSO7I4ItEdGMU2BPCjTSEvrDFVXWFikdj6ILXV0yBPwBoVCJJH1481Ar2DLP7QLzfyLl8qFQI/abstn0In9SY/Dg7o2YJEPxQ3g/7pbf9NFLWX5ZYXpWVlpZXo+T0/di2B025CXlv3JwXNyDhzgMB3YOQT0hw+jhqT7gcOV1bzDJAzOGT6ZxQE4Rh73QC9ACOl7KmD5w12dxFFYVabkopZKVV80Kq5H8Fexpg6iHYVClv1AANVdCsUlgaH2skLShtcaRcCpVEkaRR09LS1KVY+EJsJQ51EmVFDo06hHminfl6fA0/0obbYMfMGWQR4Ix4M6HWoRg1gcjr8WCAxxT3UmcbJ0HkiLccYYTASFYn4OB2DHww8cPrTvzwfyGPrDnATYK7R3iDOIw7vj0J8FQdaQsacCli9VjwwgK0sH1KC5kh7oStmhqC/qFl6DtSuQ6FpaZCrqbXb0S0VI8qiFWkSKy4Ip8Wly+IEB1LcdkpZGSQe5Pvk9iibW4lNQEqF2oUYNtsfYTjiOnBcPx7fjcktY54gm/XpLMu7TCdLqwlt+QWGdzu9BYVvYYKSyz5XwCwszMgA+FzgO7Dr4IQJ1iKE/wO0A3dGdcfh/j//9At6/jywgO6dqUUn1d+ewUgpWxmKWTK2R3ZG1FImFV5DrqJ7tQPCScSWPgiPyLSLJ5Yu67tOSOyIcQTQE95eqlSjuaOaXBKXS9BN6CAJsR6PWNlfsondYwozrhsF5B6PxcNTvizvEBl4lH1V6RU2TUOeoERrsxhkQ+mAN+Tu3KhWYCSups4BBOsyEcPw49hi642zg8U9od44fPfofIuBkmL2v/I1yYLirvJl1dVmmVrZJUNj2txQJxVWU6RWw/X7pHZFS2kbZT9JF3Qu1VHbt4pD4tJJ8ogVu3igSUX5rQ2lL1QGEAtJHnBEVYD8F/fYd9PHwyppv0JIEp0MEcETBci0VDeE+x2t5PqpYflldjdiAUIdiJuoU5qelZ7OcxuaeyJixKQAI6hUc/YT5KLv9aRz986ufjuw+7lhAzr7yxWm1sv1SvXYY2RnQkfiU0KZS01JU231FhJJHSgRfdAdskOwaN/B6mLXqJr+pu7SFlUE9aimrBqQKKWsG0fI+osvU5JCxjKd501VRAbcvT2nqs8DOp5KoRnxxH7iPweHg7RUIXseHqBRJ4+nsRjv1rKIGPhJVDqf23IJjJ4qPHTtWwBl+AY0/AfwPnH8Ge4obx/9DOjsCQOi8iJg/3FVar1GyCg+1GRQvkao17bxa8aUWGQ7QpAZVrlwzW6mUkamLEBZ5DRdv7rQ7iCKISNWNRA0VGiXYMnJfP4V/lVal0b4ZqCovJ/Ri4VB1nfB1eK1PPmjR0dq8KTEPNYxDN1WYmc8X2w0zdmcoER0CNaWF2Lm5BPdgwYkzJWcunC05VnCIjT/DP8oA/afO/y2OHfTHdx4+oT90aN++sgW1cnjgYj0YKfweWgM3owkbZcvp8lGgR1VPRZ0UpR9i/p0OpbqrTUJzF4qW0/ml5TfZvB7VvYj3HMUVMcdREDfuoIoR9e307Js36qryqotA76PG3OHqc7zBOqFuUG5xhD1laakZebqmOnE3WJ1+xh7dCopRy2QTdIDnDP4ELdM6U3IC6OEDBf+h/v8Feze+FRT8KeT9P14/kFu2gKA3cKmeuplK6EqigKlKKMwz9NAkcr8MJa+KuntKlv46pOquOx2S0qKy0mtweGkPCaBFRBM61PpGPqCGEOoglgNZ/tTMglTUEvrg4fRsdnZBTlZZtVzc1/f69ZQwJy1LoOum7G52RBPGigPp6Tm5bJDeDxLQki9vfHnhwtliKP/gAeb6Rwv+JIECcguyi93M92ns+Ak32POdVxH7yhYGlCrppdusNlMQMUXkIhuXXro4ehXoqd6n7k4PhXfq+lLoV4haJI2XarrLr7Sxw2x5T+MdCVm+TAJLuAMT0LyZ1mqpaSKVodSZba5g6Lfv7d+//zMMbPafP1o59bpSnpy6KB7VGwzIcNGE/VwuTTMDM63Dp1B38MSZM2dpceKXwH+y+Ngn0BwKMoWC4pKSkyUlxcVHCmhZxqEdkRWw1fzH2OCg5/6JFu9julcNlNcTesQ9msHvR6Tq6B8rPz1a1dIhHdtdz0BUt5/VrdB/v0IlrWqwiy9J2cwFTERFE3nwdTyqFj+sh0K0UJEt2o1+UKGGQtBn6H3xewD++V/+QrfPPzv/6uktFueMBoLuf1F5MPuzk8VHiouLS86cKeGQwuPJ7oH9DI6dOLYL5yBnHztIi89AQhfOnMR7ThazQWt66eEEt7idnd5wkE7tYJR5X1Y2H+jVXeX1/ayeUalpQqOD4rTyUqm+vKWfTe50MO/vhxkoelC6tTCH7rgikAtLqcKnogjygAMomGw+bG1tB/3BkNfvD0YTwQ9vFKrZ2dmuCsS98pR375IvPgN6gKfx+QODTq832B20jPbF9WK8crL45F/OEJIvLpQQghMnSs5y8C+UHDuyg5xWYhcX78/NzYGhYAsenJ2TC6s6Asn95Ysv8Al/ufDFFySvkyV0VgPQFzNbAD3ewxU76em8BZpnvVSPyIz8TE09uLhqWD2svHzaXn6TCtwOztkpqFPup1qWqK3kWplcfFpKjU3RTjufZq9oEkehme3Um80GvcE80yZC5kPyn1XXVJRfLE9Jrr3afvo50EPxn1+43qefmYHF+xPxhO/8Z59/Tlo7WPwFN2gt7hl2TsYZpvkLZPgU8GDDufuys+FD8JLsXHoE+mxampENw6Jx8uQZksEFOkkDH3SmpPggmX3uAa742cMaQ7xp4vbl9eTxzKIVtFoTjqy6dtpeVd9xh8EnrVN7R0mhD2VrIyWCm2Vy+ek2uHWbpKenRyqiMqedzWfRzFb3ULdYKOweYQ1e6vkM11LQT0mGr1/3LRVk78/ef/2F44PVaDA7o1tRn+WF7/UpqI6denWkuIQMGFiLSW1Hjp2B2qHvYhw9Cb84AriHjh7nlwkqKmpqhWKxsLm5vra2qqqi5m+VlddPHS84ALHsh8vjg+iTzhQX5O4WCaD5TAJ7sjMI/bASfq+hCVxYPa1bYpO2N3n2qmbZHbIH+LuIa+ojoMvI05HkZC2l8sHTKOt6qMiXNTZSX5NmMqjhIZOKh/RDGMMStpgHgU/Fgj5qvJq0Qn1N5t5yvZOGw59I6AXVfYK/+XyWc2TF7KsRuYO/I8YBACAUH+TOSIPBHzmYe/B8k7h3ZFjLzh1ATNldaUgbKrgg8uaaslOH9+UcKGDZ4GAuq/XZZrfyZejVasp4au0w14viqjqMm0Xm2mYpmbtC1sZ6XJTaZf1cc1skVbRXVbVepYUaHWyiD74A8cg09NfB+caiWxhRJaFnLQ4N0MPvk9v6zNRCoc7gdDhoSmYrMXg8N/sQ73jF0Dd9jnMZdHLBQfp6SPa74ZrWFx6BEqF1Oitt/8GaD9O0slbFFln1ULBFuqEKjSZUejjCjtp1oJm/LwdJk53Fx5Czjhidx4fyPjMjg0cV7sClZk0/NaSoG6VQyZjy24u6y+ulXLpjAb+NJNDG8RiSRltbm1Z9W0q5gqOB0Dh5PmImCIJsfXt7e+sDMV02Ma7SdJY3VJWnbBkcPN6QnYY7mojaX5xH9iv+bH/Bgcq/VVuaKGwhbx1h5s+5AcaxEnJgRMEjx3D8s89uvRkYHkbpyFqoRLHYNBI3t97D6mqaUuxRKj9UZGWz7k8O1/mkcJeRyfqiezIzsoB+YFhdXkXLdjSUmhlSSmrSr29+TeC5Rj6FfBm1NUBh7rC5iraWtjZlm6ZLqmRLOyQgOfQVRJT37oiQ9K1++1g/BTyVigx/dqC8/CrYTo3e4XMgw/mTCZq3Sf8MOv0L7p+fPX+r7zoi9QUW8OjcIhb14Oh0ftGXdBDxHHLJ3Y+6XKvhNM8SEUVlbjKth2yhhxpM1J2XTvOzsknX1BPK4uCzyYzM9LR8mgqfpuru0lWliq1U7O+X0IbN24Gdo66ldh4FNm7ZFkSjUndJ2Sx925Xa0fKqdtKthlqXiB9SBZsQogygEClHBzvhEPQdpRpaHISwV55isJvtAO/fSgzxM1PTMrJycg9C1aArn//lwqlD+0nxxWe+4OB+wU6rY0EbAZBulBP2H6lZHObmDZCOiaD2UE3NRMB1IrlytadHOVzEepiZXCuMentZTPkZB/KLLvL38q003XCpijTULyOXpg8lC5C1tdxsoSltBXKhFMxfKmOSVi0syEg6/aJLg3H56U4lqgBaqKJRD9PMzcjYsBpY1Zr+6RndCLV16Uuyc5vU3VUXU4y0vMwZDIpRvGbkfIrDiHYFJcW5u4244gtf/GkQ/JNHjhwpOMIITnZe8yLcdaCdqV5ULx6qZUUVaYdh7gFr62mnicThIlqal8XBp4Z3Hlwfik8vGxTW8IqemdRK9cPHY4vjGq2Wrc5SKCXKaQ3gXZrR1VMHv1+jhVWohpXM/xVsMQNCYL+qqtoiP92u5Gbv2GyttB1lLsqlAaV6oH3YODU6TOUt8d1ZfLh2uvZiip1WY23rqVGXC+ZJ59TunE+8D4GO61Xl5BwsPnNhVwBfflEC5Psysikd4J6TkdeMTFWl66RA2yG6VNdXTnZJS+YkDD1FmvbuzhalevjUZ59/tn8fi3a0QPNwUQ6MIaewTFx5gD849/vjEaV60rtqej45rlZr2Ek4MplMO62Sne42XGvkEgAC/+wO42WtPQqLqv4rAgPQa5Q9CvWwlGYxldTNbe9SDyAYSAfUQD9CczmgTmrt9PT0cCfQs1XUQeQ2KjYY+Cw2y5DBojFTPIHcV1DC4hzY/Zlc1P2ZAJ2WlsqKn4ycKqC/JOzsoTUlkpu1tTdFLAsT52SEHVGvvbu2vUfVdZy4DyoKivoHjh49UMSHx5cJB+d+m5paXn3505h20uTd8G6sPkQ6k/WzIUPmV54u77525xPJB+A7LO/RHutxyW5eNAyd7hwmAxtWiCTK3bUqUvBhMocF8+hIuxSGMMzGtLqmAVWOgVcR1jnigL+PetH7WBpiE3bpGZDBTj5Gvj9J9n7y5JEstsaGJiBpQjsrJyM1s2oWBLW9h/oHpBku4FGsZR1YBeU8aXMtnK7q0H7ifp99diT38KlzlZW8ojJekbhbP9rb+9gdcP/++BGts15dXZ1/eKcD8GUP1bSGB2T/dLm8SgT6I9uBT/M7O/ipz93R31g6xNDD4QFfISXIQEq9UZq9HTCa9WPUIlbide3w8OxwVW15iuBA2vHBCt22PIMa0Z+a7nuYN7J5+6ydPvXBk9D+mZzUNDhtdnpaKgr+nBw2VZ0/oKFw0s8iPXUXRLTAlvN6pRKmjxA+y2ZVy3MhUfBKWpqbt+fAYV6ZYNAcCLhHe0efmSOx5Z9++n15Gbdn97Xa8YcPx8cmJifHx8dRz5eWigk9V9xRN0erZm5wZ2dau6Pxom6otJ7Uqt6ZrFZza7TYGlU1dD8zhkMQDZjk8Nj0cHNNbUp27qHD6YWWoPDQvgM7BfjOPAQHmqMiWdm0zS4ozmbzzlwvn4kK1pFRNE1srp2iMDi5pPZmB5tNgxWwuWQGX4I0iOr1dGF+/t68A4fz9mSm5fEqhmwzrd3GcNjttrn9gUjg9+e/L3uX55bnHo2vhmxzz549nl+2jo/D9C+Xdu+g35nTIOSinVU82HSIShuGSm92qdVweiVoA7N7VMkDahYJW9R2wwigj8D0x7Rw/LHmiuaU3NwDuWnVlnOHWZHOynQ6VYDtHD5ELQvWoc4FGYPamDy4uXqan84i4WSnF0LcqvqbSpbvJY219WxBBfESBVsz0gPG2nJNRDPoVdRKxbhYWlrV3Nva2lrbbdQ7A+4AWzoQWX6++tHrXbYtm5YjsU3IYe7l3G/zk+Mq1eXT3VWNDL2Eohwrc3e0zlgv0Nd1X6xSa6TUBqXGmHKgSzkwoGStcemAVGs0j4JKDXQ2t3cNDEAOrUB/EOXZYcE5sNj/1XBlwA8zMVAX7vg+pKqcQ0cLSBY5GRmgZ5QbMin2FULQqpv1EhWbLWmpbekg6yeOouCaNNCd6Eob0LdfPv1pXP76dmvv6IzNZpvpnQtEuMUD3uXVDcBf9m7EYiHaeTk/N/d8XKu6zBdXNe64PDeVS7O7LSQEJoZ+CdCXV9F87TBBpzW5A+QHShXuMIYxo2FULR3oaq6qb1cP4KXOcnEKU3ZBwW4f8igB3REAs4adVuTxo6z/RC04mqrggiM3E5mRXkQU7dptakMiyDderSf/7+Baa0R11Ay9FOhb/ox+YmTCapx5Njf/6NGc27tsdseA3gngy1D+5qbbtbFqMk1OzM1NLo6rr/EHd9Fz0GnZHrfTKKOz99ou1w2VXxpQyZR/dnvghDOSAWithl411RoAD7mMDXdC96xqOfqp27rbcd1R/6cW9OEDfx6Hdmei9iEcZHNl+dUWWDnBvlnVQm5Pnk9rjlifpl/Vco3Ydful06dLS+leeulq58DIzNz8s3nb/Jxp7tnMjDEQc8/0Gp22+WePR2eWl9cRAuZnjJQETIuPygeZ5bOGFuV5pZSWKRD9Y/P5HZIrdbrycrVSJCWjVyOywQ4GhkdGholtqaVKWP6YelijJqsfHtZODyDqoWTdtXegPMHOKC85ceLP0jh16uhu523fv+euuKfIDulpp6fhaldB9Tp6lJI7jbUtIu70gA624qqH1gwoCL1m9val00WXnvVeaR1FsJshu/e6ll0289yjR8/mno3OzY32tj6+jydwBm/Q5PIuuzZCsP/1dVP5UG0LMl//Tl+TnaxG560xOgD6Lqmq1peXSlVU03VINWD7nBGA6ipBgJTSCfPMBD0fpjuCPph+Cmo4umjGyZMl2FAFg/vJk8dI6/+OAqwffZhr0P5bECzmZ6anMvRtV7mzICSNN2vZcgPqwNI1IohzqjjdA/3p5mfdrc1Xu2dae2doVbPbvexyQw7dva3do49GzaO9tx/fb+22uSYmIlE4f8C16nLZTK516yW9sKWfOy2JzkiFkcEGZEwQdAbD9FhVqbi8tAXmgKpWzRZ5g9rQ6g46rU09rBgD3SECANaPmxYp72LKV+epYiHEJVS3oGw5hpr2IJtXPZBHhOxPLfhd8FxCJHa0JwOJvxTopfUtLAIj3tW3oKpqkaK4V9DXAOugNfTX6Gyb21e7a6uqTpfW945MjI4ajTNml9frfjbTPdrdPWqcmzDOTBi9wdFRm9vrSkSDkYjbZTXZrB8+rM+UjkL33OjgehiK/k8FsAzMv77caShtV+0keVZaKck94AL9sgF1z5h5amxYi+wEA0Dlo50Gek9Qfu5wLhg99TByjxRg99DBgztufYgDevjopy784U+cgLlB3p4Monrwe3W7VEaniHWIWppRjFH4k8l6pAiuGtRjGu3DLiqvHj37mldU+l9XW3/onZwZNT6D6SPaeb3GGSOC/wxbGRGLzc34va7trU1vyGY0WY229Q8fPoydNopvc92i/g6uySFjLFjF5nWh3fbqsOF0C1v40MEWqkDoSpT7HRT+lYqOabNuYpimr6H94WkIovNiisHJy2IMl9nxwX2ZWWTN6dyqGhTgbOFZRnrWvh0TgFTA+nOQ6akiRJGemZpZPw02cbWdLZ5TSK7U0hK6O3TSDJ0UJ5UoJ03ugMu6vGoad5kvFZ3++jFIzA+PR0fh6c/MTqPZ7LUZbTanzRl0Ob2JrZhtNLgVjGxuzNlGjVaMDx8W34yd7hW3c9BVs7NcI0lDlIfqAZGoTappL/cZShuJa9OSB5rBpmY4u1YLGbti2qgb1VA0oA6cdlgzO1CekpDnZO/jVpFwtgxIe4jlpnFr5unsgdTUdIb90E5xxq00yeG6kZmpe+tnpYqWyy3SxpYx9Z3Gr5vbWtrGHtJ6uraHj8bGxkx04SibadnrdoPUmuHrtpll05zR7jWPGm1Ou83mcjmdLn8w6HUFqQHnmnAlQl6bedSF8YGwv5nVnu5muqcZ2FmVjAQwq2LT+CQRap8AvaP0Jot64NQI7VIQfO4yJVTY9muBnp3zJB0gtqvRjtSkGPLYIlNu/VTmHoaedMp0nvZppHMNd7aujp7SAgZyjBzQnXxaZ3PzsslrM7mXJ2yBMIK0++VPz+cfPwdcGsEgNl53IMw99dvMy8t00pdtxkRk59mMm87RjwaDXPPRafMGXG6z8Zl33buxTuAxTovFt2Uq7ZvZ6WkW5GXcyiWyfhkSnmpWesnjuwi6o9ZwCxM1LCvsotcoZoH+DcQwPEB5AGJQd6bIC4+XnSvam0bLytmKQypoGZn5D/RsaWUGE1M6R/VZ0iOrSS/sHG5vv3J5AlTdD9xsLJOaad8LsOxCN7FwIBoOg9MG/OGw3433ut1zo+aAm/AbvV4nnfAGs6crR+EQ5LG6vr6+ysweP4unm7tv989qgHiWvF/DUMP1Yf8I+tB226VBe3mVlKxcyyGGhoeZFOh8HKXG+Hp0Gol+WE2nvWm1WnV7iuG1L+wX70ml5bfpVM7t9NgP5KSncadMMLBZ3HwLW2HILIFkgYeMrOzU/PbO2yP13Wa/G64L/UbjgOf3+cMBAMR92YbilcYqZBKO4B3eYDwKOcTMo+4E+J3Ltey0sZO5orEQGK7LBdzrLus6Hk3zO7ovra2t59DTRJyUXX4GyIjSSWR0zrK0q765vouwawGRjF1NIU6tZT2uga5h49TQSDvlwS66ugNSXleKWaebMoirm8QNZYWZTMGZXKt1x+s518+kFhQCHat50zNZM3Jn0XJaWhG81w2Dd9PS7ng0Hg/7ydZJ9QHSMUBFoW3kb29sayvuD8cjiUQwEY9te0bBbsFvYwHnjNkf9Dq9IPfr1jmrCyrH7QOE8MG6SPA1bbfrO2lFw8Mu1tYDfZYhlXfR2dUtLQq2Clk7DeAapvJplPBdXfB9Wv3E6vyB4QWQPSmE0dk5QANvSfE7HA6LxTBUx8vfxZv2Z+D/lgC7MB3by8pKT8vIYmdrpKXurbHQRSoAmYbb44GSf1+O+F0wfX8yGk0gbweD4Xg8iidbPg9E4XJux4NbyeS23xhORkkWiaAzkEzGQk6ba3x8rHdsYdFkIvSEH7qfnX1D7TitRknnU7chqsqogJW0tEnYufnt0h4Z6XpMO03n8rEYr1G3t6PEQ5k3rKZunqp/0TEzplSPocrHGwcGtNNjKWSbfv9odXWDWFxTXXeOt3OSVDrbZu7N25tHp5Lyz1U23aoW9tVVV9c13etraurru3frlqCyTm7xwZvD8UQ8yKzb7wk63ZFANBoIAzf07oIAEMn8wVgiGLWP2p32mdaq7lF7Mu722M1+iAilbcLvD8W2kiHrzKRWNrZAgwMPEyDNz2rH1Ko2OOxDNUvoaopnwMQaycqd6FZf1VpbpX0D05/Gr0xPszp2eGQaYxbPZ602/YJ2kZ6ivh+j5l4KF6S8GMurZkfQ73GYdXL5kE6vE4vlT18sWZaW6FJL3FhZWftfg64l4Yd1Ow0zkxT1/NGEx+4NkhkAOmmdaT9hr2qOIrl199pGa3vd4HYz5nB3s9lsQyQMu50BJ0wlGAuN3b+vUWkXTCzJs7HIBtDUt46Wty9qqT2t1cxqKeVpWFinFQ500oX00mjCX357lmtZAzzspKuzU82eq2DxCw79hHp6mpPO2Ag+MwUWGY0G/XBTv9dgcJHxumG/Po+DwbWsYFjYoIelpSXsrOBxhQ0cXPGAqPXW144azRBj0O90RL1GWzjidvrdwQSF8WQCxj46CoC2qN8TSET80QiCX8Ab9Ux5aI10wB/wu+D1kdDY3/8+/make4IpnfS+yIW8N9rZy90J8U0tGXwbhS52rjJ1LqTSrvb2LtqvqjJCQChxObwoOaUDnQNaZhdguIoF8+AofGFY3QUZjA2oZ2dTvIEoN8LhqNwAJS5jzP3Gwf7zsHw6Ih8E9iUShJkAu+HTCHruQMQ/8miitbym2xX026MJ44QrGjRGt4JOZ3Qr6XeGonHm/n532I0sQKe8mvV+pABaE4+IGE3EvI+AfmFkdGKRAV9cXGDLTWbfTGvfXL0401zPRe92KTF1Ol1ZTf2KAaBHSauuLx0aKm+hBMdyPJ12OYCAx7kFI3uDSHkwgoGxMe3YCPwohcAiEQXdIGRyB2keCdjtMWNYdtT7b/yk/5W1QeEL2n899XjeH/QAR9Bpwy8G/eYZo9NrlnfPjLIJEuBJJLbCDpvZibwHKhemTB8J4POR9COxWOTZs+hWPJ7Yisa2EpGYd3X54d//fn+6t3dk0WrdMXj47xuKem+qSo3N9Vqa7VB3SalQ0aiphGQnm7Uj+mvV9aeHui/WE4+nSxXBIyCUdqr2FYiWXWoVkb2FEfzeyBiKHHpbSpzxD9xg7oP+IMK3n668B9pi++23f6ucgP/2m5kb2PnNbDP/RqTEDUzE0OHbQTqNNZaIRSIuVG6w+RjRGz99uIdYDx6jM2a70zYH+OFkcmvbORPfpiXiiVgClrDhJd3fX+j9YWSB83aKXm9mOduvP20W36QTLFTSnXXmVMkyD0ACx562s0gsL60anp4eVlLSh1d00WIFlRJ5YGCgU6qd0Q0tKAfUXe3MHxBCUpCAk1u0TBVqGQqTdmiP3H8ZIP9k+CsIURi/mR2U0yArv83mQaAj/uaG20Sjfq/X5QyGAtwlHCjSB21gQAjrNidkEApQ9o+4Z+aWAxG3OwL45pnodjIRj8RCIUr7kdDj+//4abG3dWRxcfrNrsuzeD3L0F9TaYm/KOkCo9ChVs3OrO1StneB9Qx3FjUNlVaptUwqsOsB6J4Wek4PS6XwlwHoXr6AelcNCVA0gOXTvPZWIoHvEPboGfQo4MAbbB6P5xN2Tt2A7/GQfIJI6x4kN3ogQZHvRghgKBi1ADxxAAAP4klEQVSMsJNcaCCLQ+90WVPEc3jBVjLqhpUHXN5kki5x4A3NzQToIhdb7NSQCMr5kdutjxYftvZOw9OnkecJOpn9rOZNPc/efU0JlXJteiKyaqhVQ5rv7OxSdg10FgnE/EtdcPgBZbsCttHe1QX0xGnVgN85YJySGylydA2MaBklSIlvbZEA6EqbDj3UAAywVmjJ5/EHVl7voLf99jvkAU0DrcftZJhB7HD3+9kT6smC4iF1g+vRKU5xYPUDDzu5dQt2kMQfAsODqG3O7a3tLcBNmg0J6H6LnQVOFhPoLK+qX3hY2wn049D/7K7hz6o09ae7a69CZ0TdHnYRfLWamjgqMKB2FvhvXyqvvVTVpaaLayCiawc6KRdA9xqayoTtj+rEM0ra6RygWkCjTQHTSEIt9H3shiTod4DYOQwaOc/hICdfWXmtW4GNe8jeOTLnD3LuAU4fDXtQs3rZtSEjYfcyScIbiMTpin7gdkCOkeDOAEkmwnD2bdfy9hYb20Z9HH8Yso/HY4lEPOlvrq2tHeltBvpx3MahNlL9NNmpsr6+/jabl6YFGYjp2IdFq9TSdqL3asp7XQ9v1wMw6G87Xu1iuqd6hvhuJzQ+2KQfIN13EW1A2kjBX44F3NBUMq53kA/E/fBNYujLv8+Zl8nkza+nbFxNRpIhdZOX07Uz3BQkbbZl0jmEuE1nM7mphoNFJSnNR0nZTO94ilswCayuVQ799rZdj+CXoDODEPewdTcDfnPnyNj0m7FxFvRm34xrieeqpqF/8maO6jE6q1FLu6hzX985cruerqwkVXfevg3pDFBcU6vpMkvM8pnmMUZ0wlGa0+1kJBABM8XhIeQk+PCQjzwwbHaTV8L5f/e6zbawj2L8lJkKlmU35/bI2nGk6zhFCJa+4N0RlzVEqwGDET+d2UZnOsHtI7HEFlMuw7+V8EP3yVXvNjOJ7W2nIUp/O0GWQvbv7haLm5u7R7SkenDSWXA6sNxpFHXQ1qwGeUuN5MVdlISoDk3StVXZnaOjrfV0YaXe+vpOVHDSsYQTkKHuASVFfymxhAFpr65pCNghC5IIoW8adED+vleWZJIUgRrN5wmYG+SI0hHPkN784jV0r5ua+m2Ohnlu5tlct97moutzULD3uskjzMYZV9fN1olgaEE9ZnWhZHVFk9tbqPggg+1tAgjTgGUFKcjY7ds7w29PbCdY1KPAsL3t6+4WN4u7R4YXFqZxg/ertahvpgk5lSpAr905mVaF8K9k51pIOwUFgwlxFV1Yq7ezvnkAmW7Efu+bTiIC7VJaB9UlJWfv7NQ1DVJ5C24Evoc7Mh7CW/jdO188rHNGYpaw32N7NnhOaPaHk5bCuoB80AbqD83bZmbmnz//CeP+/Z9eeuHw0DhdvtdrcETtxrGWm1qrK+weG580mcYmjOuhWGh5dXV1ffXjBnK/1+kC5Y+5EonNUG/rxke2cnYr4IgnY0ly/e1EfHsHfesP97WgYmPI22yiXUvTUUo1+TNKU1adUvUGX4YJYK+5ufLEiXtPb9XfbG/vbG7GkYqDx048uP437HaSkas7qdjt7Gwf0DXJYQ7k+mw7kGIb9TmdvvhWJOzTBQJOg7652/bMFveskKpXzHPPRmdmjBMjE72Pnj17/Pj+T8/nn//0dtULsw9SVk9EvKtGe8hp7GxrG384EY54N2ObAWfYPf/TP/7f469//ftf/w8eX66+fO/2hOlaB9H11dXnP71c/ekff//73//6afwDT/8HR/7nf3C7z7Zs/P3v3PbvbIt33f/6Uuvj+9wR+hN/L60WP+6ua8NvPbz/j3/86x/3sb2PTxhqEvc+fPiw6yGN+/fvpzx+5Hz2bMbvf/RDb3dra2tva3Pr7du9xk5xff21+h9a65sRar+++nVtVW0rXmrt7O4d7Z2xef206DcCbXpf/mF79vKPVZfN5bUZXRsuO1cneV/+/PMvNJ7/C2MXOW1++vmXl7/j1Z8+ieOv/x8Gbf/6f/5/x3/vbv6bBvfwL7b50+CO/etfP//8879+/nSQNnj+y8+/jN4TPudepc3PP6cA6+3brZ0Ilp3d9di73fpDKx1r5cYPP/zwqBWAm+sB/YfW2tu3f+jFsR96Hz2awBgdefTMNP/892XqTsLQl5ddTpvLRj3L1T9eQih/vP1j4+3bP96+//jxj1/++PktjvxB7vCcAf+ZZADZsO/CvtEvP+9AYtuf//VvdD//6793vvPOO39hm1/evmUbPPxM+z+/Zfu//PEL9ukJvfYHbh/fv/841VS3/P49fZe3f9BImaEJpZmJUdz0zx7Pmc1zc8+fP554Zno2D0Bzz/AzY3abe5sn3O657ubm+tbWKmybf/ih9YdHj0Z6eycmHo1MTJjmTfPz8yZwRMS8ZZMrEtn4+PHjZuTjHx9jyU3s0QWu3398/wf+8kuMX/54j6/49uVPEAizkbe//wQwsAtsCc+/fmFfHi+8xz49AhG70xve/sGeEVDsvX8PJITn/R/vCdzO87d4zo6+/7iB++bmx7mmOl9sc2ODbvSPBVDfR4KBjdXl1eX55d9fvlxdfvnyp+cvX1J8++UXhLjntPnpl5/uP3/5HPHu/v3bbdj8ANvArRfgZxAUjEYmwhn2aLTbjFYkBbqk+3rAFQ3FomADsViU/inCeggy+Li++h5/+/17fPf3739nMOj7/vz2/R9sj2Ay5G/fb7wnGBsEg/bfvl9lQsCvsPfR2wnsW06yBB4H39MepA8d70gD+wBsbKq2bH6k/05AF5vfjKV4V3/nfp0J8u3bnb/L7GpHDTsOzJkaGReN+1euXbnGja+/vvZ1PY3bt+l+m/lP6w/dvT90j/Y+njfRJZhQANGPPxGcebYaWrd6vfM2+vcAmxBRzLvxkaARnFX6Mm8ZLM50cXTj40v6/qtkvXScoSeM70m7tHnPqf3tR9L9Bqzu/Udm6TiIXRyAKELQvbmpcopgM9VvhjZTbMsbdO197JN0YBbvP0Y2P74nU3m/sUnCJBP20keyT9n5yLe3L2P815X/YuPKlZ0HGleZQL6mTf3X9SyCIEw8npiEd1iDLhOtSBiZmO/9wWh0JpwzQb/RH/WuboSQBhOhj6vwEvqbzJSZuCENwHnLhENwmcoJLiSBZ6TgHftmXw/fE/f3u3KgfRxilrDpEQoG3yPbbrL/tgHL98LivREvFXXPns0t2+Zewn1fPp97/Pz5s8dIb89NuHk3NpfpPzBENje8HzciG6vv55Egqq7SYICxvcag74pgVyK0ix9mJl+TZSCOPsKYmJ94PGOy2ryumTmT02nzgjp4Q6CHzsSy12u0zTymfwTA+S1MFcThPdMw59IkEbbzy0vC/ZFp5uP71Y2N2NZmiP7VCuBuQLmxDdOcaTXkJajQrV9YJo9sxujfUrAjKc/YeIz7HPL5o8c7gx16zA7PzT1+bAu6XW4XAjrROJsN0c3mtD3rRXpovV379dcQAtvsjCtX/i2Cq1cuc/awYwnkE8iuvSSDkZGRiUkYhHXZalpeD0VDoZBrPYQ6yWmnazcZwZlDJrs/6Dc7EyG4x0bEtexdfmb66A2Rjf+B4OH0Lnv9Rtfq85erH72/vw+BMcdCdJW45AZdPAcOZzaOOkObW1G6zL5fLhDGYzG8tBkCzUpSTzcQcaOKcdrc9LMzAl4Q+Ajj9sss9JtMc3NGbObn5ybZQIifh3weI/K1Atm1a5+gX2XW8GkXiv/62lUuREBIMACWZW/vpNUfKHdOzluXuQmcdUSHINnmRsjp8sZCdM5A0MWq5M0YTQ8E6YJeYMbbEat13RvaCkSc9V9fu3z56qP523M4HA16vVFvCLF8K2mcsU0YnbYZFG+xrS3bD7191ULbvM00T0EokEikRN1OWizFJmFQoFNlzyq5YNRt80YDLjf9Fx/TM2YQO5bxiA3Ogh9Djz/cJkbEBlBe/QR9NwxcuQbmdI35xtdXYQ9XyQbAGVo59IQft15QiLGxCc4YrJCCy2a1mUw2L7vOIawixC6BH4LSKFYmkpvedbqCOBj0/GOkXfxMBKF64Hr8aMLmjYSSQRNenpmxRROovraiM89m9INDM3Ojo73PjDPOiM2WQpMJbneQCk2abrKxrlUggprN70TCdzqdsIK5x4SWmA9hpi8O4rcb528DTD3ZNbk2UzBnBld2HgGfAgMTyLVPL9Av0KDPaL39df1OtqDPxs9DSGKCzMtkIknQsHrpX2Js2FwkitDmzvDa4Csx8hlOSMDuDQW9QS+TGDyfJlRCfhxBYZEMDgrrLNEQKu9YBC9FUgL+eDBIvZkoq8f91IUEVwXwgJ+mGGywdRstJHrEoW9t3bFb+rr40hwxrGfwv+YOMUNgcf/qDmTOFZgjcODxGvtFhp6eXr1Wf5tkcbv+NidTepkk0QtJjIyNkaeZTJxVkH+sr6PAYlKBBXhDu4NmZUL/OYJkL+w/c2BH11T5GkQEBTWebSVS3NSMitL1ZG02F/Uu3NC3DZY+5wq4oHSKfPOPCfijx8wCOAbMCDGCV2/vKDFe2G0vvUQhHV/5NucLRACqqvBYW1vfTGbeXM/FPhJP/dfw/3oKA5wR4L3/t6qraW0bCKL+SaG59BR6LD7kECg67q2BEggrclhyr0m0LASMxPZgCO7ByOCDlYOFEwnHrcnf6nszK5suslnJX5q3b97M7NryJTAbM3uQp6QHxrIvzOBn3lrw4hY3JJhQDPhJQFHJFsN8IfjITaASReX/LQE0tvrp7uLn+q1tOyp+348gduvtC2o56vvv9XZXV3VlXW4r0KetHOSurqaFQ7wWl1TBX8qH1MpJWW1eNBDuh4fiFDasKoRzyW3g11B6opQbsl34oygNCKh2fPm/Lw51fn726bNIJzSUFBNsE08ulSyZplmCkjnVKTIeQlxrp09f7yc4H4dQBhkYcW6FC8yvvKza/uPw8szVt/3fw757bbkK16GhdIHJsBi2c66eV9zk5eGbZSSkDIMIh0zomnlEAVf6cnZsJTKI6FUrB/1IGkL+MF9G50gW0gC8OAYGMVDZhudaM85sLqrLLdklZupbKwhDkwCba2FGEKa/vt1plYaDuR1xUkVmNT8OXHr5s+OszY4zcnAhGM6VeOhC18nKJA1lv5W43zSLuEyW467mN+vms5VYnJpHzVBGwaL0euQUN3JRUZNJ3pAlbtMDsjRcIoLZIIZGh1IQ07E0dAFLUbIhFJEZCwq0cIxLklfRQbA5Qg/rbyZW9oqJLUb8WfJh/y5/poKOXleQIw6F5bD3/a7vUtu27eatXW82S3hZRMyHO3iMq/cM/j4gPUTfJ6N9aqWYjcy7XK1mKGp4TE7PmWvvCAD2zBBUiIT5LpV14QxOOQYOOV/A7RqmIkQ6jD8po/BRkyA+obA8p+DD42PhwmD+Dw3NeKsC1l9dQaimwInM/wdPyjqJuFReGAAAAABJRU5ErkJggg==\" data-filename=\"hostel (2).png\"></h4><h4>Brief History of the University</h4>\r\n\r\nThe University of Jos started as a Campus of the University of Ibadan in\r\n November, 1971, with the appointment of Professor E. A. Ayandele as its\r\n first Acting Principlal. Its first home was the present Township campus\r\n of the University which is located along Murtala Mohammed way, Jos. Its\r\n first students admitted in January, 1972 were pre-degree students. \r\nDegree courses in Arts were introduced in October 1973 and in Science \r\nand Education the following year. The same year, the Bauchi Road Campus \r\nwhich then accommodated only the Faculties of Natural, environmental, \r\nMedical Sciences and Education was acquired. In October 1975, the then \r\nMilitary Government announced the establishment of seven new \r\nUniversities and University Colleges including the University of Jos. \r\nProfessor Gilbert Onuaguluchi was appointed its first Vice- Chancellor. \r\nSince then, the University has made enormous progress. By 1993, a new \r\nsystem for appointment of Vice-Chancellor in Nigerian Universities was \r\nintroduced. There was therefore a delay in the appointment of a new \r\nVice-Chancellor in 1993. In the interim, Prof. G. O. M. Tasie acted as \r\nVice-Chancellor from October 1993 to March 1994. Eventually, Prof. N.E. \r\nGomwalk was appointed Vice-Chancellor of the University in April,1994. \r\nHis tenure ended in 1999. Professor M. Y. Mangvwat was appointed Ag. \r\nVice-Chancellor from January 2000 to May 4th 2001. He was later \r\nappointed substantive Vice-Chancellor with effect from 5th May 2001. \r\nAfter him, Professor Sonni Tyoden was Vice Chancellor from June 12, 2006\r\n to June 11, 2011. He was the 7th substantive Vice- Chancellor of the \r\nuniversity. The current and 8th substantive Vice-Chancellor of the \r\nUniversity is Professor Hayward Babale Mafuyai who assumed duty in June \r\n23, 2011.\r\n            \r\n',1,1,'',0,'Web Master','11/21/2016','2016-11-21 13:31:01','2016-11-21 13:33:55'),
	(17,2,'Mission and Vision','Mission-and-Vision',1,'<h4 style=\"text-align: center;\">&nbsp;&nbsp;&nbsp;&nbsp;&nbsp;&nbsp;&nbsp;&nbsp;&nbsp;&nbsp;&nbsp;&nbsp;&nbsp;&nbsp;&nbsp;&nbsp; <br></h4><h4 style=\"  text-align: center;\">Vision and Mission of the University of Jos</h4><h4 style=\"text-align: center;\">	</h4><h4><span style=\"text-decoration: underline;\">Vision</span></h4><h4 style=\"  text-align: left;\"><span style=\"font-weight: normal;\">To nurture a University of high international standard so that the quality of the institution is rated the best in Nigeria. </span></h4><h4><span style=\"text-decoration: underline;\">Mission</span></h4><h4 style=\"text-align: left;\"><span style=\"font-weight: normal;\">Encourage the advancement of learning, promoting scholarship and community service.<br>Providing an environment in which staff can develop their potential, contributing optimally to the University so that students can acquire academic and professional competence in their respective disciplines. Judicious allocation of resources to achieve strategic objectives.</span></h4><h4 style=\"text-align: left;\"><span style=\"font-weight: normal;\"><br>Enhancing the character moulding of our students within the context of our motto.</span><br><br></h4>',1,1,'',0,'Web Master','11/21/2016','2016-11-21 13:41:03','2016-11-21 18:55:30'),
	(18,2,'Act','Act',1,'<div style=\"text-align: center;\"><br></div><h4>&nbsp;&nbsp;&nbsp;&nbsp;&nbsp;&nbsp; &nbsp; &nbsp; &nbsp; &nbsp; &nbsp; &nbsp; &nbsp; &nbsp; &nbsp; &nbsp; &nbsp; &nbsp; &nbsp; &nbsp; &nbsp; &nbsp; &nbsp; &nbsp; &nbsp; &nbsp; &nbsp; &nbsp; &nbsp; &nbsp; &nbsp; &nbsp; &nbsp; &nbsp; &nbsp; &nbsp; &nbsp; &nbsp; &nbsp; &nbsp; &nbsp; &nbsp; &nbsp; &nbsp; &nbsp; &nbsp; &nbsp; &nbsp; &nbsp; &nbsp; &nbsp; &nbsp; &nbsp; University of Jos Act</h4>An Act to provide for the establishment and incorporation of the University of Jos and to make comprehensive provisions for its due administration. [1979 No. 82.]<br>[28th September, 1979]<br>[Commencement.]<br>Constitution and Functions of the University and its constituent bodies, etc. <br>Click the Link Below to View the Document<br><br>',1,1,'',1,'Web Master','11/21/2016','2016-11-21 13:56:58','2016-11-21 13:58:15'),
	(19,2,'Carnegie','Carnegie',1,'<h3 class=\"text-success\" style=\"text-align: center;\"><span style=\"text-decoration: underline;\"><span style=\"font-style: italic;\">Partnership With Carnegie</span></span></h3><p style=\"text-align: center;\"><br><img style=\"width: 154px;\" src=\"data:image/png;base64,iVBORw0KGgoAAAANSUhEUgAAAJoAAABHCAMAAADIga7UAAABI1BMVEX///+9AACPAACmAACjAACfAACcAACkAACoAAC6AAD+/PyzAACVAACgARH47O6aAACuAADw2dr89vamAA2zY2vciIeiABCbHy778vPnoJ/z3+DivcOpAAv57O2kAQ/y1tahO0SsPk3rzc/Ml52vAgnluLndj5DFbHOWAAnfrrG+P0CXABO6WV/AWV7nxsn15efRhoq5P0WrKDTZc3KVABfLVVXOjJLWr7DAi47RY2LXpKiuMj2jDRzOnZ/ZnaO1TlamHynKdH3EZG65SFHMh4vTlZitGSa8SlOoJy2/dHfGeoWsTFahFC2qOEmgNz+0WWXcwcKlTVO9gIWzSluoLEG8Y3G7IyXCNji6Kyzor6/MTU7SaWnUen6yGRy6ODvEIiHMMzJoAF5HAAAMhElEQVRogcVajVuabBdnIoiIIpiGIPCEolIKWGkLnZmmZVu17dkyTXP//1/xnvtGTVvrqWW959o14f4453c+7w8iiHWQyCKSJMl/YNfC9DV4VFk3bBMoncR0OKr6D3kLGm1b11X13UHpZjqd3zscDaYfnqDB4PAwn08P7XcCaKb3Rtu/HoMURvRI+3Q6GN0mh2+IT1LlfHV6Lzw8vR5sV6uHe3vJNCJTR2Tg5/ze3m21Ohr8mk7vgX/4lbQdVVwzLOTBQx8W/DcdHSbBT6YtP20JUdZN7Pnqr/CH2dxR0jScteFiwYcDxBopXs2btiGrL8pBSdZtFAeIAfCZVpPptXjX3htNcRh9GIxNVZX+ujCIkqqnD8N+RA6q6dd5VtXHCNWH6fZhXn8Vp3uShuPqAOs6GDp/CY/VhyPE4dde2lxzdunDJPJueDr+K87meIAm75m6tF5cPskGVvzDYVp+2UR2OMrBxKoprTvXl0iS85D04eu9F4BTh+FIePraQH0W2XvbIGtPf54odTiIhK+T5jut0fLwMBz5kHxOlpkwcprW33HzoCKRN8n/Sgj1FuybfAdPrpAoj8BRwyeHDHORQR6AseIqOtERzCRsI+w3M6ZZDUdu/5wP8jgSHuuObXnJ8diyTGEGRDaTgwimcP6toBGiNYjc/Mlw9ii+bQv5UXgwbtpmcm80uB2C8Zz0KIxhjarXkfAbxqCeBNUfjSVw5p6UvgnvySKSz7KiNDyUifwNtlcurYqsPnhLaODV60edmo+DOdORu9UsNqcY2F0eQ3K2q2+JDKpwNTJ6WEbYZnxkEELueqVDGPshNhb892bEfltohJiM5Faxsd3Itows11xuNbfBkfFIxJwFgB4Zv3lZYfMYyT1ZkSlaxA8jxlJjOheJw7/qzGSEc7MtEG9Pw3h1CZsd38a1+DZ+7zDJjUdyuUjEnW887JvJMvA1ESv/Fvfj+Hix2ZEmA19oPp6fZ6B0G4/nwJvdOYvmdcRcPzLRvZlaD9GO7+MqOX/U47nZSiYWAFgunptPEwrxO2X9yMB78fjNww2hcxqZnWyMSXnWJo7jd9hsko9sMkMm5a/j5Rdu+Z5H4zhI+S2Czdx43r04fclVZtsWCdbFyPwaJ8rdCHPXfDh9PWSA1dxHEPthrd8s1VF5zExcpblABgdQd8IMuus6tPxGZvNhqGEYzAnuZJYTT7IGzGSCoOW65tAt3cXJ66b87lc/N6cOCvjBgzA0J/FMBlJgksnlJtvu8q7y8fupB42rr6tTnrrgWu7rojKmDh6UeLbA5DI5ZmwNLdOUl47EotC9y+UKsiQA4Rb0IIrGbbnJQkiiF0I13NOBO08ZVvZuB5P5Ogdv5bvTpqjCSOQIFk2Z2SWmu5VJpTmXppJQqdS4twpemeQyGbINgwyvXan059tHwY2Hbsb9XNkFh9/ilutJpqKP4wyTcVBFzlQEu8SQDEOWfW2d2g0zgddTnGe62wtO2qdMt5Cb5MaI/yAD8/FIsxCfAJ/QPPDUeJclVObrCjKpwGQyzJ1DOO4k3u66uYxfaa07hnRlSbSAAxPH4VkmM+S4DMPJY1EsM2Sm7TIDr81kmAkuj3aFievGKcNMkHxzm2RcIaa2JxmSQQWDLQMnnJ5id0Iey12YOC9jas4FD5CrpdRAyHoGYdwxXQJUk09zyGxNkmQwRmECUFxkFQtGToCAoUx4ZAYRLB41kHAn4X4SEMgdMKIDq0mC7FmIk4t0QYjM0GygAxhdFkRkQs17aGC1+MEKtDaZyGQ8SN95jbUoFRiT5MRfX20kGVlB7cBI5tjKkB2HkJgMvJQFpAqZIMEbrEeSmgJLMUP2YKYbJCe++QEa2RPR8ghQkAPlcogEawkMSc6N5js01jteTgORzCTIsiRV2vPDl0nKhNkjmRqOObYMkmvoAeyfIAuiHQy5hAoKJYJdFa21TIKsAEQ0xSWEYyZYsbGFST+mZdCIQYhcYISgiOVghpFZ6y6kLbYSRCwIekjlynLxUCiQoRDd3qLxgGadChkq+w1eMBHsIdRCj0yECipYMVRxywmYhQATTg8ZDX7PQmTH7lYosgbWN3qhYMFXrUYmgiVgYJ8BIhSyqKGrlDTqTrmvBhZpY4ct3xIWgonQHSywixVTdCciNCb83FEbAM3ydU2EOjLaPEUbDWSzE2z8NjSfghanMGUyCTWOEaNYKUS2/AqiQ0A2kEWAZxCcRii9YELrkeSdb9QZugoyPGE02kvQToMaZRHS/VouT04MSgtW/LdjYIgfm5RGnfmJLwvNaCJYx6IVWtOCyIHo96zU9aOiiQzjSwaNgn0UJvCLNHPKQS2YqR/PNlx6F2NTKbxQiQVyyaMV0Da2BJWwQkIb4Po62WeUlkGm1hMJjZ4XIQkmZbBotQNDC8ATfoMFY8bXgf4zP4lMSkukQIlYC6agdFRCCaruzZdKsYIhEW5qNjxxv/ZLdSp4upIWvbbeSmhBLAW8oFF9dDY9Ci4MCdECVq2rc1v2wBZmQ9PIheVNGFyasQ+mKCTNRY5ABkI63Iuv4TAmjNY8VUupxf4VoFG15WXODSqeptG7uE0BybugoVyiUlpwrqpKaSkaFyS9DhJRLToBBO25hkZQSwV9a0A7jQqHHdVSFDJMGxg1FtI9SvEtQM93Ok6ws9jNdSiquwTNpvrECQVy8Km5QmEZ8hGdSlEnc9GAk6qjB/aETlGQfawHkhfuthNoNH4z6nQKJZFQhyng91iBSqW0s5l5oRL69utS93a06La0kEMf30MT6j2H6FNRquMrFU014LRaoqNRuj5XTGmBUXBoOKlUqqEQ4klDgwH+IiM1Gy4ajqwKSKJ0O0Y4JWDUEwijFISWVMuPK+mEKmBtPa10H+3sCV+aPTZprbWINblCwzSAlqJNWIGpFPDR7Q4VjUYXiiE5dF/050a1XdMsUS7CUEIa2kfQh6AdObHmEdioZ0KOYEZdd5eyBB76zrHJjvhjbB8dx8yCpD4/Cw2RSvHzhUyIYj90YXpUi9JaAWQAp1aJj/L1uZkthMfn1fb7IZu72K5uYZduQGrXaTQ/SqOfjiDVO5iRRtdtyDJgztePSw065Ys1G63VKwLxnG/7Lm9CVTChCMeEGn2Gl1e5BcFC00cKkeJBcMmjeJ6bR5Kc4Hm6NrM4D+OoIxtlMJ+K0jyvtQ0cCAhpo4FwRztaSfiEGFIFed7H83yjoPvxlqAeninFPlfC0cHWaIDR/VTY5Uszwyr1RqPjAVyvl6h3VeEAaB6PMnpx5rZvNTpZnP46Mlj93MS2FZt1PlE6bwGGUmO35hByodfreH6f1+E5erdvY6eJJ3T997NCrM+3cF1lrRaHqGMvKrEjy1g6HLWdp44J0n0/65iWMg9a1hHk2Ek0Wuw5/gBpxtDvE2TZHylv8PVHL3y8FlfynSpYTft1Fy9srcU3zmpLTOzdYpR+8vwveg2uFHu8TzniGt5avgjGShxfspZZSRv8Dl944sMNKxxxrZM/djvnUa5kreGiqsbzV6s6evxOsf7EaVaotbijp64uRGWXa5Refe0iH3H7q9HMNoo73J9vANhanePO/+tjWG2T4y5eGWl2q3i5epFxxe1wP/+ESz7f53ZKz7hTkb/XA9zFwWtuX+wvxc2VTMuCza4eVzdmnEcD/MYzvzsZ3/cD3FZNed7ox8SBkbJL78pmkdt4NPcEb6MR4K4O/pCYvxMrnHMBrvWt9rfp6hWL9Xuz25tc4Pgx4crGZTEQuFBe9sVVrF3uQ929qDl/9bX9fIdrGH6Bl2pccfO33BMl46oI+m/+/ItLKMnq/+ACAe7frC28PCu8q53AZ+/r108bxZ2r7AOTOcbBRisQCOxfZf8ypEXj4KoY4ALFrX5WealvHeVTf2tr6/P3A3tlqmh7H6++ANfAxUf7NfVdcrI/QL0A9+Wfq3PrhZzEGNDKQcNubnzb3EEMd46Nl/2xyKMU864uN4sBzHDrWJFjkvgypqwoxRy7BrbCtH/5+Xx9F8MxJdvf2g8Eigjh/sXP7wdfbQN2E0/HIBuDXYX99Wv2/F+MCiYXf2x899b9YUQU7IPzi31kuh0McHPr80b/48es51kKIh22TkD42fS8bPbj942rrYv94mLKj41PX41nV7AXwgMzZH/+CCxTcX9/fxPR5T+ILvHz5v7+zsqoL/+e2E7sTf5iZJViSvP85zcEYxVCsbgCGeBefrv62bTe5JPDUyTJtoL89hE8h+nzxZb/sPEdHJ3NKorw7qAeEq4SsZgsCP7DOzju/0v/A0xqx9sHoxjJAAAAAElFTkSuQmCC\" data-filename=\"Carnegie.png\"></p><p style=\"text-align: left;\">Andrew Carnegie envisioned Carnegie Corporation as a foundation that \r\nwould \r\npromote the advancement and diffusion of knowledge and understanding. In\r\n keeping with this mandate, our work incorporates an affirmation of our \r\nhistoric role as an education foundation but also honors Andrew \r\nCarnegie\'s passion for international peace and the health of our \r\ndemocracy. While Mr. Carnegie\r\ns primary aim was to benefit the people of the United States, he later \r\ndetermined to use a portion of the funds for members of the British \r\noverseas Commonwealth. Currently, this area of our grant making focuses \r\non selected countries in sub-Saharan Africa.</p><p style=\"text-align: left;\"><b>REAL AND PERMANENT GOOD IN THIS WORLD</b></p><p style=\"text-align: left;\">Mr. Carnegie dedicated his foundation to the goal of doing \r\nreal and permanent good in this world and deemed that its efforts should\r\n create \r\nladders on which the aspiring can rise. In our current-day grant making \r\nwe continue to carry out this mission through programs and initiatives \r\nthat address today\r\ns problems by drawing on the best ideas and cutting-edge strategies that\r\n draw strength from deep knowledge and scholarship. History guides us \r\nand the present informs us, but our work looks always toward the future.<br><br>\r\n<b>IN PERPETUITY</b><br>\r\nMr. Carnegie served as the Corporation\r\ns first president. His intention, clearly spelled out in his Deed of \r\nGift, was for the foundation to carry out its philanthropic work in \r\nperpetuity, so that \r\neven after I pass away the [wealth] that came to me to administer as a \r\nsacred trust for the good of my fellow men is to continue to benefit \r\nhumanity for generations untold<br><br>\r\n\r\n<b>RESPONDING TO CHANGING NEEDS</b><br>\r\nAt the time of its creation, Andrew Carnegie\r\ns vision for the work of the Corporation was unique in that he \r\nunderstood that as the decades passed, the issues of his day would be \r\nincorporated into or supplanted by concerns that more immediately \r\naffected future generations. Planning for that certainty, he wrote, \r\nConditions upon the [earth] inevitably change; hence, no wise man will \r\nbind Trustees forever to certain paths, causes or institutions. \r\nTherefore, he gave his trustees \r\nfull authority to change policies or causes hitherto aided, from time to\r\n time, when this, in their opinion, has become necessary or desirable. \r\nThey shall best conform to my wishes by using their own judgment.<br><br>\r\n\r\n<b>SCIENTIFIC PHILANTHROPY</b><br>\r\nThrough nearly one hundred years of grant making, the Corporation has \r\napplied what Andrew Carnegie called the principles of \r\nscientific philanthropy to changing times while always working in \r\nharmony with the historical mission and legacy of the foundation. Our \r\nunremitting efforts remain focused on the two issues that Andrew \r\nCarnegie considered of paramount importance: international peace and the\r\n advancement of education and knowledge.</p>',1,1,'',1,'Web Master','11/21/2016','2016-11-21 21:50:05','2016-11-21 21:50:05'),
	(20,1,'Contact','Contact',1,'This is contact<br>',1,1,'',1,'Web Master','11/08/2016','2016-11-23 09:49:05','2016-11-23 09:49:05'),
	(21,2,'Microsoft','Microsoft',1,'<p></p><p></p><div style=\"text-align: justify;\"><br><div style=\"text-align: center;\"><h4><span style=\"text-decoration: underline;\"><span style=\"font-weight: bold;\">Partnership With Microsoft</span></span></h4><h4><span style=\"text-decoration: underline;\"><span style=\"font-weight: bold;\"></span></span><img style=\"width: 113px; height: 90px;\" src=\"data:image/jpeg;base64,/9j/4AAQSkZJRgABAQAAAQABAAD/2wBDAAkGBwgHBgkIBwgKCgkLDRYPDQwMDRsUFRAWIB0iIiAdHx8kKDQsJCYxJx8fLT0tMTU3Ojo6Iys/RD84QzQ5Ojf/2wBDAQoKCg0MDRoPDxo3JR8lNzc3Nzc3Nzc3Nzc3Nzc3Nzc3Nzc3Nzc3Nzc3Nzc3Nzc3Nzc3Nzc3Nzc3Nzc3Nzc3Nzf/wAARCABaAHEDASIAAhEBAxEB/8QAGwABAAMBAQEBAAAAAAAAAAAAAAUGBwQDAQL/xAA1EAABAwMDAgUBBgUFAAAAAAABAgMEAAURBhIhBxMxQVFhcSIUFTJCgZEjUpKh0VNiseHw/8QAGQEBAAMBAQAAAAAAAAAAAAAAAAEDBQQG/8QAJBEBAAICAgEDBQEAAAAAAAAAAAECAwQRIRJBUbEGExQxcZH/2gAMAwEAAhEDEQA/ANxpSlApSlAr4a+1F3+4swYe11/sLfy225jOwkfiPsKREz1WOZRMxHdp4hCXDU6mLyQyN8Zr+GpI/MfMg+1TcG+2+cUoZfAcUM9tYwfDNZrLbehPdqUnYvyOeFj1SfMe9S1qQIkP7Svh6QCG/VLfmf1Ix8A1iTu5cPla3+T8Nve1dXFrRlrPfpx6tFQ4hYyhSVD2Oa/dZyq4Ox1d5p0tqTzuH+PP4q/W9156Ew7Jb7by20qWj+UkciuvQ3vyonmvEwwceTzdFKUrQWFKUoFKUoFKUoFKUoBrJtWXldwvL4O5CI6yyhCgQRg8nHv4/GK1mq9qHSNuvjokLLkaWE7e+yRlQ9FA8H/ketX62WuK/lMKNjFOSvESounXpkqUmKiQoRE/W6lYC0JSPHg5FWh8RZK8uRkgYCU9s7SkDwAxx/av3E0lJtcFbMGQy+44rLi3UlBUB4AYz/7Fc6UvMvFmUwtp8c7DzuHqkjxH9/ivL/UuxtXzRbFWYpHr7zPv8duvQwY645rk7l62yxB65trKu5Db/iZI8VA8JI+eaudcVrh/ZIoSoDuK+pZ/3f8AXhXbWro4Ps4YiY7nuf6r8a1mYr+ilKV2BSlKBSlKBSlKBSlKBSlKBXk9GaeW2t1CVKbVuQSPwmvWlRMchSlKkKUpQKUpQKUpQY11y1HcIN4tcC13GVEUiOt54R3lN7tygE5wefwqrx0RrSZaunN/ulxnPy5jczsxDKeU4S4ptG1Iyc4ByogeQNQeqwNV9YlwQoKZ+1NxOOfoaTucH7hwVWNLR3by81AdcKLYwV3OWPJCEIG4n5ACB6b80SmNF6gvUrVNvFw1BdFQmVKlSt0twp7TSC4rcM4wduD5c4860Lp/d7Uyu73yTrC6T4kZIS994oW0yypasjaCTk8YAHIBA86ynT5UzYdR3NSQhRhtwkDGADIcAWB7hCFfvXPdUyIukLSkFQYmuypnsVoKWR+wSr+s0G4NdZNILl9gyJaE5wXlxlBI9yPxAe+Kmb51A05Y5sWJOmHfKaQ82ttBWjtqJCVFQ4A4Jz6VVtTL6awLXa7DdlocZYQHI6YXcUrkY3KU3zlRyeTyeapRssPU3VVFijhxFphJTH2hR3IYZRynJ5zvJT6jPtRDUH+qmlGbeucqa6Wg6WkJDCt7pABJSk87RkfUcCvml+qWm9ST0QI7kiNJcJS0mS2AHD6BSSRn2JzWVWK22tXWNcGbGjw4LE95LcdScIPaB7aefXaF8+J+ak9dSrXeupbU2LdYkePbUMh94JWtSlMrU4pSQhJzgEAkkAbT6UGhX3qlp+0XJ23NpnXGYysocagMdzaoeIySASPPB45qQ0lr2xarQ/8Adz7jTsdsOOtSUbFJR/NnOCPUg8fqKyf7mkrvN21L061JHcQyXHX0uAtOtBZ3lP1pKVpPkTjwHnUKvUTs/SN12WmAxKW+w1JuEOMlla2XCtRSvHjlbSQfXPIoNWuHWXScOZ9mbclygFbS6wyNnyNxBUPgHNempuqFkhadTMtcvvy5rLv2FPaJAcTgYWPy4JHBqq2OTYrL0RmOLXGcm3Nl9paON7jyipKUY8fpGPgAniqRlcHpivvJATdLvlpRAyW2kfUoH03gD9DQStk6hz7fb7lMk6gmy765hqLEeSVMoSVIKnD+XONwA/zWm9OddC+adU/dHy7PYd2SO1HKEAqKtiU+RO1OT6E/FZjr1tNn6faPtSWkIkOsuT31Y+rcRkA/q6r+mt20/a4ESwQYMdEd5hlhtvckJUFlKduc+Z4NB1/ekL/XH9J/xSuvaPQUoKza9B6ftd8cvUSO6J7inFKcW+pQyvO44Jxzk/vXla+nem7VAuEKDEdbZuDQZkZfWpSkDP0gk8Dk+FWylBTR0w0sm1rtqYj4irfEhSRJXuKwkpB3ZzgAnjwruuGhtP3CwRLJJhkw4acRilwhbXwrx58/WrJSgpmnumGlbBNRNiQlvSW1bm1yXS5sV6geGffGakLJomx2S9Sbxb2HUzpIWHXHHlLB3qClcE4GSBVjpQVHVPTjTep5aplxiuIlLAC3o7hQXMcDcPA8ADOM8CujT+g9OafjPsQLchX2hstPLkEuqcbPiglX5T6DirNSgzuV0Z0hIf7oamNDOe2iSSkfGckfvVkgaL0/BsL9kZtzarfI5fbdJWXTxypR5JGBg+WBjFWClBn0fo5o9mZ9oMaU6M57TklRSfY+ZHsTU5qDQmn9QtQmbjDV2YTZajtMOKaQ2k4yAEkDH0j9qstKCuaj0TYdSCL96xFrMRBbZU26pspSccfSRkcDxqXs9siWa2R7db2+3Fjo2NoJJwPk+NdlKBSlKBSlKBSlKBSlKBSlKBSlKBSlKBSlKBSlKD//2Q==\" data-filename=\"microsoft2.jpg\" class=\"img-rounded\"><span style=\"text-decoration: underline;\"><span style=\"font-weight: bold;\"><br></span></span></h4><span style=\"text-decoration: underline;\"><span style=\"font-weight: bold;\"></span></span></div></div><p style=\"margin-left: 25px;\">&nbsp; <br></p><p><b>Microsoft</b> is the world leading multi-national company in software\r\n development, Microsoft is in partnership in IT Academy in the  \r\nUniversity of Jos, <br><br>\r\nMicrosoft Inc is an American multinational corporation headquartered in \r\nRedmond, Washington, that develops, manufactures, licenses, supports and\r\n sells computer software, consumer electronics and personal computers \r\nand services. Its best known software products are the Microsoft Windows\r\n line of operating systems, Microsoft Office office suite, and Internet \r\nExplorer web browser. Its flagship hardware products are Xbox game \r\nconsole and the Microsoft Surface series of tablets. It is the worlds \r\nlargest software maker measured by revenues. It is also one of the \r\nworlds most valuable companies.<br><br>\r\n  The Academy will be a vital source of ITC for the University Student, \r\nimprove the quality of graduates as they will have the opportunity of \r\nindustry based training and certification, empower staff and students \r\nwith relevant ICT skills as well as numerous e-resources</p><p></p><p></p>',1,1,'',1,'Web Master','11/22/2016','2016-11-23 10:07:02','2016-11-23 10:44:50'),
	(22,2,'Governing Council','Governing-Council',1,'This is the Governing council page of the University of Jos Nigeria.<br>',1,1,'',1,'Web Master','11/30/2016','2016-11-30 07:38:45','2016-11-30 07:38:45'),
	(23,2,'Staff School','Staff-School',1,'This is the University of Jos Staff School for Parents to bring there children.<br>',1,1,'',1,'Jamila CIT','11/30/2016','2016-11-30 07:47:01','2016-11-30 07:47:01');

/*!40000 ALTER TABLE `pages` ENABLE KEYS */;
UNLOCK TABLES;


# Dump of table password_resets
# ------------------------------------------------------------

DROP TABLE IF EXISTS `password_resets`;

CREATE TABLE `password_resets` (
  `email` varchar(255) COLLATE utf8_unicode_ci NOT NULL,
  `token` varchar(255) COLLATE utf8_unicode_ci NOT NULL,
  `created_at` timestamp NOT NULL DEFAULT CURRENT_TIMESTAMP ON UPDATE CURRENT_TIMESTAMP,
  KEY `password_resets_email_index` (`email`),
  KEY `password_resets_token_index` (`token`)
) ENGINE=InnoDB DEFAULT CHARSET=utf8 COLLATE=utf8_unicode_ci;



# Dump of table permission_role
# ------------------------------------------------------------

DROP TABLE IF EXISTS `permission_role`;

CREATE TABLE `permission_role` (
  `permission_id` int(10) unsigned NOT NULL,
  `role_id` int(10) unsigned NOT NULL,
  PRIMARY KEY (`permission_id`,`role_id`),
  KEY `permission_role_role_id_foreign` (`role_id`),
  CONSTRAINT `permission_role_permission_id_foreign` FOREIGN KEY (`permission_id`) REFERENCES `permissions` (`id`) ON DELETE CASCADE ON UPDATE CASCADE,
  CONSTRAINT `permission_role_role_id_foreign` FOREIGN KEY (`role_id`) REFERENCES `roles` (`id`) ON DELETE CASCADE ON UPDATE CASCADE
) ENGINE=InnoDB DEFAULT CHARSET=utf8 COLLATE=utf8_unicode_ci;

LOCK TABLES `permission_role` WRITE;
/*!40000 ALTER TABLE `permission_role` DISABLE KEYS */;

INSERT INTO `permission_role` (`permission_id`, `role_id`)
VALUES
	(1,1),
	(2,1),
	(3,1),
	(4,1),
	(5,1),
	(6,1),
	(7,1),
	(8,1),
	(9,1),
	(1,2),
	(2,2),
	(5,2),
	(6,2),
	(1,3),
	(2,3),
	(5,3),
	(6,3),
	(10,4),
	(11,4);

/*!40000 ALTER TABLE `permission_role` ENABLE KEYS */;
UNLOCK TABLES;


# Dump of table permissions
# ------------------------------------------------------------

DROP TABLE IF EXISTS `permissions`;

CREATE TABLE `permissions` (
  `id` int(10) unsigned NOT NULL AUTO_INCREMENT,
  `name` varchar(255) COLLATE utf8_unicode_ci NOT NULL,
  `display_name` varchar(255) COLLATE utf8_unicode_ci DEFAULT NULL,
  `description` varchar(255) COLLATE utf8_unicode_ci DEFAULT NULL,
  `created_at` timestamp NULL DEFAULT NULL,
  `updated_at` timestamp NULL DEFAULT NULL,
  PRIMARY KEY (`id`),
  UNIQUE KEY `permissions_name_unique` (`name`)
) ENGINE=InnoDB DEFAULT CHARSET=utf8 COLLATE=utf8_unicode_ci;

LOCK TABLES `permissions` WRITE;
/*!40000 ALTER TABLE `permissions` DISABLE KEYS */;

INSERT INTO `permissions` (`id`, `name`, `display_name`, `description`, `created_at`, `updated_at`)
VALUES
	(1,'role-list','Display Role Listing','See only Listing Of Role','2016-11-22 21:22:05','2016-11-22 21:22:05'),
	(2,'role-create','Create Role','Create New Role','2016-11-22 21:22:05','2016-11-22 21:22:05'),
	(3,'role-edit','Edit Role','Edit Role','2016-11-22 21:22:05','2016-11-22 21:22:05'),
	(4,'role-delete','Delete Role','Delete Role','2016-11-22 21:22:05','2016-11-22 21:22:05'),
	(5,'item-list','Display Item Listing','See only Listing Of Item','2016-11-22 21:22:05','2016-11-22 21:22:05'),
	(6,'item-create','Create Item','Create New Item','2016-11-22 21:22:05','2016-11-27 18:07:19'),
	(7,'item-edit','Edit Item','Edit Item','2016-11-22 21:22:05','2016-11-22 21:22:05'),
	(8,'item-delete','Delete Item','Delete Item','2016-11-22 21:22:05','2016-11-22 21:22:05'),
	(9,'manage-users-roles-and-permissions','Manage Users,Roles and Permissions','Can manage users, roles and permissions and all menus','2016-11-22 21:22:05','2016-11-27 18:08:58'),
	(10,'image-list','Display Image List','This is to display the image list.<br>','2016-11-27 18:24:16','2016-11-27 18:24:16'),
	(11,'image-create','Create Image','This is to Create image<br>','2016-11-27 18:25:54','2016-11-27 18:25:54');

/*!40000 ALTER TABLE `permissions` ENABLE KEYS */;
UNLOCK TABLES;


# Dump of table role_user
# ------------------------------------------------------------

DROP TABLE IF EXISTS `role_user`;

CREATE TABLE `role_user` (
  `user_id` int(10) unsigned NOT NULL,
  `role_id` int(10) unsigned NOT NULL,
  PRIMARY KEY (`user_id`,`role_id`),
  KEY `role_user_role_id_foreign` (`role_id`),
  CONSTRAINT `role_user_role_id_foreign` FOREIGN KEY (`role_id`) REFERENCES `roles` (`id`) ON DELETE CASCADE ON UPDATE CASCADE,
  CONSTRAINT `role_user_user_id_foreign` FOREIGN KEY (`user_id`) REFERENCES `users` (`id`) ON DELETE CASCADE ON UPDATE CASCADE
) ENGINE=InnoDB DEFAULT CHARSET=utf8 COLLATE=utf8_unicode_ci;

LOCK TABLES `role_user` WRITE;
/*!40000 ALTER TABLE `role_user` DISABLE KEYS */;

INSERT INTO `role_user` (`user_id`, `role_id`)
VALUES
	(2,1),
	(4,1),
	(1,2),
	(3,3),
	(4,3),
	(5,4);

/*!40000 ALTER TABLE `role_user` ENABLE KEYS */;
UNLOCK TABLES;


# Dump of table roles
# ------------------------------------------------------------

DROP TABLE IF EXISTS `roles`;

CREATE TABLE `roles` (
  `id` int(10) unsigned NOT NULL AUTO_INCREMENT,
  `name` varchar(255) COLLATE utf8_unicode_ci NOT NULL,
  `display_name` varchar(255) COLLATE utf8_unicode_ci DEFAULT NULL,
  `description` varchar(255) COLLATE utf8_unicode_ci DEFAULT NULL,
  `created_at` timestamp NULL DEFAULT NULL,
  `updated_at` timestamp NULL DEFAULT NULL,
  PRIMARY KEY (`id`),
  UNIQUE KEY `roles_name_unique` (`name`)
) ENGINE=InnoDB DEFAULT CHARSET=utf8 COLLATE=utf8_unicode_ci;

LOCK TABLES `roles` WRITE;
/*!40000 ALTER TABLE `roles` DISABLE KEYS */;

INSERT INTO `roles` (`id`, `name`, `display_name`, `description`, `created_at`, `updated_at`)
VALUES
	(1,'Admin','Super Administrator','This is the Site Administrator that will manage users and other content within the site.','2016-11-02 21:41:56','2016-11-25 21:57:13'),
	(2,'Owner','Owner','This is the Site Owner','2016-11-11 21:41:56',NULL),
	(3,'Moderator','Moderate','This is one of the account that can moderate Information','2016-10-22 21:41:56','2016-11-25 08:26:07'),
	(4,'Image','Image Role','This is to manage images.','2016-11-27 18:31:48','2016-11-27 18:31:48');

/*!40000 ALTER TABLE `roles` ENABLE KEYS */;
UNLOCK TABLES;


# Dump of table secret_questions
# ------------------------------------------------------------

DROP TABLE IF EXISTS `secret_questions`;

CREATE TABLE `secret_questions` (
  `id` int(10) unsigned NOT NULL AUTO_INCREMENT,
  `question` varchar(255) COLLATE utf8_unicode_ci NOT NULL,
  `visible` int(11) NOT NULL,
  `created_at` timestamp NULL DEFAULT NULL,
  `updated_at` timestamp NULL DEFAULT NULL,
  PRIMARY KEY (`id`)
) ENGINE=InnoDB DEFAULT CHARSET=utf8 COLLATE=utf8_unicode_ci;

LOCK TABLES `secret_questions` WRITE;
/*!40000 ALTER TABLE `secret_questions` DISABLE KEYS */;

INSERT INTO `secret_questions` (`id`, `question`, `visible`, `created_at`, `updated_at`)
VALUES
	(1,'What is the name of your favourite movie?',1,'2016-10-27 09:20:01',NULL),
	(2,'What is the last name of the teacher who gave you your first failing grade?',1,'2016-10-27 09:20:01',NULL),
	(3,'What was the name of your primary school?',1,'2016-10-27 09:20:01',NULL),
	(4,'In what city or town does your nearest sibling live?',1,'2016-10-27 09:20:01',NULL),
	(5,'What was the make of your first car?',1,'2016-10-27 09:20:01',NULL),
	(6,'Which Television show do you remember most from your childhood?',1,'2016-10-27 09:20:01',NULL),
	(7,'What is the name of your first pet?',1,'2016-10-27 09:20:01',NULL),
	(8,'What is the name of the first board game you played?',1,'2016-10-27 09:20:01',NULL),
	(9,'What is the address of your first email account?',1,'2016-10-27 09:20:01',NULL),
	(10,'What is the brand of your first laptop?',1,'2016-10-27 09:20:01',NULL);

/*!40000 ALTER TABLE `secret_questions` ENABLE KEYS */;
UNLOCK TABLES;


# Dump of table side_navigations
# ------------------------------------------------------------

DROP TABLE IF EXISTS `side_navigations`;

CREATE TABLE `side_navigations` (
  `id` int(10) unsigned NOT NULL AUTO_INCREMENT,
  `name` varchar(255) COLLATE utf8_unicode_ci NOT NULL,
  `slug` varchar(255) COLLATE utf8_unicode_ci NOT NULL,
  `position` int(11) NOT NULL,
  `has_sub_sidenav` int(11) NOT NULL,
  `visible` int(11) NOT NULL,
  `weight` int(11) NOT NULL,
  `icon` varchar(255) COLLATE utf8_unicode_ci NOT NULL,
  `created_at` timestamp NULL DEFAULT NULL,
  `updated_at` timestamp NULL DEFAULT NULL,
  PRIMARY KEY (`id`)
) ENGINE=InnoDB DEFAULT CHARSET=utf8 COLLATE=utf8_unicode_ci;



# Dump of table sub_navigations
# ------------------------------------------------------------

DROP TABLE IF EXISTS `sub_navigations`;

CREATE TABLE `sub_navigations` (
  `id` int(10) unsigned NOT NULL AUTO_INCREMENT,
  `navigations_id` int(11) NOT NULL,
  `has_children` int(11) NOT NULL,
  `name` varchar(255) COLLATE utf8_unicode_ci NOT NULL,
  `slug` varchar(255) COLLATE utf8_unicode_ci NOT NULL,
  `position` int(11) NOT NULL,
  `content` text COLLATE utf8_unicode_ci NOT NULL,
  `visible` int(11) NOT NULL,
  `weight` int(11) NOT NULL,
  `icon` varchar(255) COLLATE utf8_unicode_ci NOT NULL,
  `created_at` timestamp NULL DEFAULT NULL,
  `updated_at` timestamp NULL DEFAULT NULL,
  PRIMARY KEY (`id`)
) ENGINE=InnoDB DEFAULT CHARSET=utf8 COLLATE=utf8_unicode_ci;

LOCK TABLES `sub_navigations` WRITE;
/*!40000 ALTER TABLE `sub_navigations` DISABLE KEYS */;

INSERT INTO `sub_navigations` (`id`, `navigations_id`, `has_children`, `name`, `slug`, `position`, `content`, `visible`, `weight`, `icon`, `created_at`, `updated_at`)
VALUES
	(1,2,0,'Future Development','Future-Development',1,'University of Jos, Future Development',1,1,'','2016-10-27 09:20:01',NULL),
	(2,2,0,'Facts and Figures','Facts-and-Figures',1,'<h4 style=\"text-align: left;\">University of Jos, Facts and Figures</h4>',1,1,'no','2016-10-27 09:20:01','2016-11-21 12:54:09'),
	(3,2,0,'History','History',1,'University of Jos, History',1,1,'','2016-10-27 09:20:01',NULL),
	(4,2,0,'Mission and Vision','Mission-and-Vision',1,'University of Jos, Mission and Vision about the University from inception still date.<br>',1,1,'no','2016-10-27 09:20:01','2016-11-19 21:42:37'),
	(5,2,0,'Act','Act',1,'University of Jos, Act',1,1,'','2016-10-27 09:20:01',NULL),
	(6,2,0,'Anthem','Anthem',1,'University of Jos, Anthem',1,1,'','2016-10-27 09:20:01',NULL),
	(7,2,0,'Governing Council','Governing-Council',1,'University of Jos, Governing Council',1,1,'','2016-10-27 09:20:01','2016-11-19 21:45:04'),
	(8,2,0,'Management','Management',1,'University of Jos, Management',1,1,'','2016-10-27 09:20:01',NULL),
	(9,6,0,'elearning','elearning',1,'University of Jos, Learning Management System MOODLE',1,1,'','2016-10-27 09:20:01','2016-11-19 21:46:34'),
	(10,6,0,'email','email',1,'University of Jos, Mail Service System',1,1,'','2016-10-27 09:20:01','2016-11-19 21:48:22'),
	(11,6,0,'iRepository','iRepository',1,'University of Jos, Institutional Repository',1,1,'','2016-10-27 09:20:01',NULL),
	(12,5,1,'Directorates','directorates',1,'University of Jos, Directorates',1,1,'','2016-10-27 09:20:01',NULL),
	(13,5,1,'Faculties','faculties',1,'University of Jos, Faculties',1,1,'','2016-10-27 09:20:01',NULL),
	(14,5,1,'Institutes','institutes',1,'University of Jos, Institutes',1,1,'','2016-10-27 09:20:01',NULL),
	(15,5,1,'Centers','centers',1,'University of Jos, Centers',1,1,'','2016-10-27 09:20:01',NULL),
	(16,6,0,'Staff','Staff',1,'University of Jos, Staff',1,1,'','2016-10-27 09:20:01',NULL),
	(17,6,0,'Students','Students',1,'University of Jos, Students',1,1,'','2016-10-27 09:20:01',NULL),
	(18,6,0,'Parent & Family','Parent-&-Family',1,'University of Jos, Parent &amp; Family',1,1,'','2016-10-27 09:20:01','2016-11-20 10:55:46'),
	(19,7,0,'Main Campus','Main-Campus',1,'University of Jos, Main Campus, Bauchi Road',1,1,'','2016-10-27 09:20:01','2016-11-20 10:56:21'),
	(20,7,0,'JUTH Campus','JUTH-Campus',1,'University of Jos,JUTH Campus, Medical School',1,1,'','2016-10-27 09:20:01','2016-11-20 10:56:40'),
	(21,7,0,'Naraguta Campus','Naraguta-Campus',1,'University of Jos, Naraguta Campus',1,1,'','2016-10-27 09:20:01','2016-11-20 10:57:22'),
	(22,9,0,'Staff School','Staff-School',1,'University of Jos, Staff School',1,1,'','2016-10-27 09:20:01','2016-11-20 10:58:53'),
	(23,9,0,'Women Association','Women-Association',1,'University of Jos, Women Association',1,1,'','2016-10-27 09:20:01','2016-11-20 11:04:57'),
	(24,9,0,'Multipurpose Cooperative Society','Multipurpose-Cooperative-Society',1,'University of Jos, Multipurpose Cooperative  Society',1,1,'','2016-10-27 09:20:01','2016-11-20 11:09:59'),
	(25,9,0,'Consultancy Services','Consultancy-Services',1,'University of Jos, Consultancy Services',1,1,'','2016-10-27 09:20:01','2016-11-20 11:11:18'),
	(26,9,0,'Security Unit','Security-Unit',1,'University of Jos, Security Unit',1,1,'','2016-10-27 09:20:01','2016-11-20 11:11:48'),
	(27,9,0,'Press','Press',1,'University of Jos, Press',1,1,'','2016-10-27 09:20:01',NULL),
	(28,9,0,'Hotel','Hotel',1,'University of Jos, Hotel',1,1,'','2016-10-27 09:20:01',NULL),
	(29,9,0,'Student Union Government','SUG',1,'University of Jos, Student Union Government (SUG)',1,1,'','2016-10-27 09:20:01',NULL),
	(30,9,0,'Christian Chapel','Christian-Chapel',1,'University of Jos, Christian Chapel',1,1,'','2016-10-27 09:20:01','2016-11-20 11:12:16'),
	(31,9,0,'Muslim Umma','Muslim-Umma',1,'University of Jos, Muslim Umma',1,1,'','2016-10-27 09:20:01','2016-11-20 11:12:45'),
	(32,6,0,'Alumni','Alumni',1,'University of Jos, Alumni',1,1,'','2016-10-27 09:20:01',NULL),
	(33,7,0,'Old Campus','Old-Campus',1,'University of Jos, Old Campus, Gangare',1,1,'','2016-10-27 09:20:01','2016-11-20 11:13:12'),
	(34,2,0,'Strategic Plan','Strategic-Plan',1,'University of Jos, Strategic Plan',1,1,'','2016-10-27 09:20:01',NULL),
	(35,3,1,'News','list',1,'University of Jos, Strategic Plan',1,1,'','2016-10-27 09:20:01',NULL),
	(36,3,0,'Events','Events',1,'University of Jos, Strategic Plan',1,1,'','2016-10-27 09:20:01',NULL),
	(37,3,0,'Job Vacancy','Job-Vacancy',1,'University of Jos, Strategic Plan',1,1,'','2016-10-27 09:20:01','2016-11-20 11:13:47'),
	(38,3,0,'Sales of Forms','Sales-of-Forms',1,'University of Jos, Strategic Plan',1,1,'','2016-10-27 09:20:01',NULL),
	(39,3,0,'Advertisement','Advertisement',1,'University of Jos, Strategic Plan',1,1,'','2016-10-27 09:20:01',NULL),
	(40,3,0,'Inugural Lectures','Inugural-Lectures',1,'University of Jos, Strategic Plan',1,1,'','2016-10-27 09:20:01',NULL),
	(42,9,0,'SSANU','SSANU',1,'This is the SENIOR STAFF ASSOCIATION OF NIGERIAN UNIVERSITIES SSANU.<br>',1,1,'no','2016-11-19 10:16:34','2016-11-19 10:16:34'),
	(43,9,0,'ASUU','ASUU',1,'This is the ACADEMIC ASSOCIATION OF UNIVERISTIES IN NIGERIA<br>',1,1,'No','2016-11-19 10:19:50','2016-11-19 10:19:50'),
	(44,9,0,'NASU','NASU',1,'This is the Non ACADEMIC STAFF UNION of NIGERIAN UNIVERSITIES<br>',1,1,'No','2016-11-19 10:20:56','2016-11-19 10:20:56'),
	(46,12,0,'Carnegie','Carnegie',1,'This is the Carnegie Page for the University of Jos.<br>',1,1,'no','2016-11-21 21:44:52','2016-11-21 21:44:52'),
	(47,12,0,'Cisco','Cisco',1,'This is the Cisco Partnership Sub Menu Content<br>',1,1,'no','2016-11-21 22:17:12','2016-11-21 22:17:12'),
	(48,12,0,'ITF','ITF',2,'The is the Industrail Training Fund Sub Menu Content<br>',1,1,'no','2016-11-21 22:18:10','2016-11-21 22:18:10'),
	(49,12,0,'KEWL','KEWL',1,'The KEWL partnership content<br>',1,1,'no','2016-11-21 22:20:26','2016-11-21 22:20:26'),
	(50,12,0,'Microsoft','Microsoft',1,'This is the Microsft Partnership Content<br>',1,1,'no','2016-11-21 22:21:43','2016-11-21 22:21:43'),
	(51,12,0,'Pearson VUE','Pearson-VUE',1,'This is a Partnership with the Pearson VUE<br>',1,1,'','2016-11-21 22:24:04','2016-11-21 22:24:04');

/*!40000 ALTER TABLE `sub_navigations` ENABLE KEYS */;
UNLOCK TABLES;


# Dump of table sub_side_navigations
# ------------------------------------------------------------

DROP TABLE IF EXISTS `sub_side_navigations`;

CREATE TABLE `sub_side_navigations` (
  `id` int(10) unsigned NOT NULL AUTO_INCREMENT,
  `side_navigations_id` int(11) NOT NULL,
  `has_children` int(11) NOT NULL,
  `name` varchar(255) COLLATE utf8_unicode_ci NOT NULL,
  `slug` varchar(255) COLLATE utf8_unicode_ci NOT NULL,
  `position` int(11) NOT NULL,
  `visible` int(11) NOT NULL,
  `weight` int(11) NOT NULL,
  `icon` varchar(255) COLLATE utf8_unicode_ci NOT NULL,
  `created_at` timestamp NULL DEFAULT NULL,
  `updated_at` timestamp NULL DEFAULT NULL,
  PRIMARY KEY (`id`)
) ENGINE=InnoDB DEFAULT CHARSET=utf8 COLLATE=utf8_unicode_ci;



# Dump of table users
# ------------------------------------------------------------

DROP TABLE IF EXISTS `users`;

CREATE TABLE `users` (
  `id` int(10) unsigned NOT NULL AUTO_INCREMENT,
  `admin_id` int(11) NOT NULL,
  `unique_number` varchar(255) COLLATE utf8_unicode_ci NOT NULL,
  `is_admin_user` int(11) NOT NULL,
  `username` varchar(255) COLLATE utf8_unicode_ci NOT NULL,
  `surname` varchar(255) COLLATE utf8_unicode_ci NOT NULL,
  `firstname` varchar(255) COLLATE utf8_unicode_ci NOT NULL,
  `othername` varchar(255) COLLATE utf8_unicode_ci NOT NULL,
  `avatar` varchar(255) COLLATE utf8_unicode_ci NOT NULL DEFAULT 'default.jpg',
  `email` varchar(255) COLLATE utf8_unicode_ci NOT NULL,
  `phone_number` varchar(255) COLLATE utf8_unicode_ci NOT NULL,
  `password` varchar(255) COLLATE utf8_unicode_ci NOT NULL,
  `address` text COLLATE utf8_unicode_ci NOT NULL,
  `secret_question_id` int(11) NOT NULL,
  `secret_answer` varchar(255) COLLATE utf8_unicode_ci NOT NULL,
  `suspended` int(11) NOT NULL,
  `visible` int(11) NOT NULL,
  `slug` varchar(255) COLLATE utf8_unicode_ci NOT NULL,
  `last_login` timestamp NOT NULL DEFAULT CURRENT_TIMESTAMP ON UPDATE CURRENT_TIMESTAMP,
  `remember_token` varchar(100) COLLATE utf8_unicode_ci DEFAULT NULL,
  `created_at` timestamp NULL DEFAULT NULL,
  `updated_at` timestamp NULL DEFAULT NULL,
  PRIMARY KEY (`id`),
  UNIQUE KEY `users_email_unique` (`email`),
  UNIQUE KEY `users_phone_number_unique` (`phone_number`)
) ENGINE=InnoDB DEFAULT CHARSET=utf8 COLLATE=utf8_unicode_ci;

LOCK TABLES `users` WRITE;
/*!40000 ALTER TABLE `users` DISABLE KEYS */;

INSERT INTO `users` (`id`, `admin_id`, `unique_number`, `is_admin_user`, `username`, `surname`, `firstname`, `othername`, `avatar`, `email`, `phone_number`, `password`, `address`, `secret_question_id`, `secret_answer`, `suspended`, `visible`, `slug`, `last_login`, `remember_token`, `created_at`, `updated_at`)
VALUES
	(1,2,'4445',0,'imaan','Mohammed','Musa','Mohammed','default.jpg','mohammedghajii@yahoo.com','08065358841','$2y$10$yWNyMakP/FjEIe0waEeB8.2U1cNpW5NoG0iHG116V8JraFwy3eniy','H65 Race Course Filling Sukuwa Jos Behind University of Jos Senior Staff Quarters.',0,'',1,1,'imaan','2016-11-24 18:14:39','Navza1EfUnzepXzMghhgYtsfpIWnBFe6bhBkiqJfmIBLntT5z3vBeJmUrNeE','2016-11-01 12:39:38','2016-11-24 17:14:39'),
	(2,2,'4444',0,'ghaji','Mohammed','Ahmed','Ghaji','1479502369.jpg','mohammedghaji@gmail.com','08036338821','$2y$10$6jlzFFawfdSDN8iOO4rDT.gs5nk4vEBVW6bQVP1NEVfnEiR4C.6lG','ICT Directorate University of Jos Plateau State Nigeria',1,'Man of Steel',1,1,'ghaji','2016-11-28 09:48:12','M5oTDwO6Pe8Zu6tDIq1CVVSvNkHv3CuwaDlMrFfxIxqtNH9TwVRbqOL6tsML','2016-11-01 12:42:25','2016-11-28 08:48:12'),
	(3,2,'4441',2,'gana','Mohammed','Mohammed','Gana','default.jpg','gana@gmail.com','08080808080','$2y$10$UkqoKO1mXlFwlg/UhCLu1Oy1FshB4Df3Fn.xZGkrEdAwVTfxqO4Mq','Niger State, Nigeria.',0,'',0,1,'gana','2016-11-15 12:39:58',NULL,'2016-11-06 05:06:21','2016-11-06 06:08:54'),
	(4,2,'4446',0,'Imaaan','Mohammed','Imaan','Ghaji','1480197416.jpg','imaanghaji@gmail.com','08093007581','$2y$10$0uTaIMlfDhxkwMQ8tLMXN.BFRghG.3TL.snw9ifXrEN9qgQ9QBdhu','H65 Fillin Sukuwa Jos',0,'',0,1,'Imaaan','2016-11-28 09:49:48','dQAyGpMx1ejr2blgKAYUybUZOpXoR2oCjHv1bZ1kGfxzq4vnOKJ6MuvxX7Gz','2016-11-24 16:08:32','2016-11-28 08:49:48'),
	(5,2,'4447',3,'mara','Mohammed','Ibrahim','Mara','default.jpg','ibrahimmara23@gmail.com','08080808083','$2y$10$ZQvJxL0E/HKCwUFNVGjM/.wjY4Rm53RwXD.XTQZQ7khBd5VwVv5Ra','Red Cross Bauchi road Jos Plateau State Nigeria',5,'Honda',0,1,'mara','2016-11-28 12:56:49',NULL,'2016-11-28 11:56:49','2016-11-28 11:56:49');

/*!40000 ALTER TABLE `users` ENABLE KEYS */;
UNLOCK TABLES;



/*!40111 SET SQL_NOTES=@OLD_SQL_NOTES */;
/*!40101 SET SQL_MODE=@OLD_SQL_MODE */;
/*!40014 SET FOREIGN_KEY_CHECKS=@OLD_FOREIGN_KEY_CHECKS */;
/*!40101 SET CHARACTER_SET_CLIENT=@OLD_CHARACTER_SET_CLIENT */;
/*!40101 SET CHARACTER_SET_RESULTS=@OLD_CHARACTER_SET_RESULTS */;
/*!40101 SET COLLATION_CONNECTION=@OLD_COLLATION_CONNECTION */;
